created_at;id_str;full_text;quote_count;reply_count;retweet_count;favorite_count;lang;user_id_str;conversation_id_str;username;tweet_url
Wed Dec 06 23:59:58 +0000 2023;1732550480604299361;"@yusuf_dumdum Saya berpikir positif saja....  "Dimana ada ganjar kenapa disitu ada jokowi?" Berarti bapak Ganjar yang di cintai rakyat Indonesia dan semoga bapak Ganjar Pranowo dan bapak Mahfud MD menjadi Presiden &amp  Wakil Presiden Republik Indonesia 2024ğŸ‡²ğŸ‡¨â¤ï¸";0;1;0;2;in;1682448384446308353;1732362986759852043;LgaolMail47028;https://twitter.com/LgaolMail47028/status/1732550480604299361
Wed Dec 06 23:59:53 +0000 2023;1732550460618522934;"@narkosun Penjilat Ganjar emang beda, memang benar kata Anies, pendukung itu cerminan yg didukung, penghianat kek Ganjar ya memang harus didukung penghianat macam kalian, klop.   https://t.co/6wsIUJjl9K";1;10;2;14;in;59346171;1732392659753566264;KDroneHunter;https://twitter.com/KDroneHunter/status/1732550460618522934
Wed Dec 06 23:59:45 +0000 2023;1732550426716000731;"@KATADATAcoid tetap setia dukung ganjar mahfud";0;0;0;0;in;1270281047679221760;1732321125244539009;angelyyyna97;https://twitter.com/angelyyyna97/status/1732550426716000731
Wed Dec 06 23:59:14 +0000 2023;1732550297824985210;"@pipieoo6 @Dennysiregar7 OMONG KOSONG, 10tahunan rezim teror kebo mana ada lagi rakyat percaya, bagi-2 sembako mana sekarang, dana para kebo sudah mulai menyusut ya saat bohir kabur mencret ganjar keokğŸ˜‚";0;0;0;0;in;1709817113786146816;1732313040970994098;KenapeAje;https://twitter.com/KenapeAje/status/1732550297824985210
Wed Dec 06 23:59:12 +0000 2023;1732550286168952869;"@jpnncom mantap pak ğŸ’— semangat menegakkan hukum di Indonesia, Ganjar-Mahfud pasti menang ğŸŒ·";0;0;0;0;in;1354232674408255488;1732067626350977184;jmndpty__;https://twitter.com/jmndpty__/status/1732550286168952869
Wed Dec 06 23:58:56 +0000 2023;1732550222201651260;"@gorunbiraz3 @PDIPerjuangan @jokowi @erwinaksa_id @PartaiSocmed @Mr_As_Opal @tijabar @BosPurwa Mending dari dulu ganjar yg jadi presiden";0;1;0;0;in;2789837388;1732278094718013734;bdjkdkdgnd;https://twitter.com/bdjkdkdgnd/status/1732550222201651260
Wed Dec 06 23:58:55 +0000 2023;1732550214538736083;"@icikiwir_08 @Wadas_Melawan Liat nih narasi pendukung 02...sama sekali tidak punya empati dan niat baik. Lagian wadas itu proyek pusat, ganjar yg pasang badan";0;0;0;4;in;1476532872043327491;1732439374498033766;RifkyNash;https://twitter.com/RifkyNash/status/1732550214538736083
Wed Dec 06 23:58:49 +0000 2023;1732550190966677574;"Ini data Jawa Tengah dibawah kepemimpinan Pak Ganjar juara dalam hal Provinsi anti korupsi";0;0;0;2;in;969099873856335877;1732550190966677574;ParapatYohanes;https://twitter.com/ParapatYohanes/status/1732550190966677574
Wed Dec 06 23:58:48 +0000 2023;1732550187976204519;"@Melihat_Indo Semakin banyak dukungan dari masyarakat kepada mas Ganjar Pranowo. Good";0;0;0;0;in;536038885;1732316153006133376;lucastill98;https://twitter.com/lucastill98/status/1732550187976204519
Wed Dec 06 23:58:48 +0000 2023;1732550187623854440;"@Melihat_Indo Sebuah kehormatan bagi pak ganjar, terimakasih untuk masyarakat Kalimantan Timur";0;0;0;0;in;1711308984182063104;1732316153006133376;Rafatar44658607;https://twitter.com/Rafatar44658607/status/1732550187623854440
Wed Dec 06 23:58:46 +0000 2023;1732550177700106535;"Kata Siapa Ganjar-Mahfud Tidak Bisa Meneruskan Pemerintahan Jokowi.  Pilihan Tepat Untuk Menyelamatkan Bangsa &amp  Negara ini Ya Pilih @ganjarpranowo &amp  @mohmahfudmd .  Jayalah Negriku Jayalah Bangsaku Salam Bhineka Tunggal Ika #GasssGanjarMahfud";0;0;0;0;in;1472799248143900674;1732550177700106535;Pacul__Ghoank;https://twitter.com/Pacul__Ghoank/status/1732550177700106535
Wed Dec 06 23:58:41 +0000 2023;1732550157013807198;"@NanangAR1f1n Alam Ganjar memberikan inspirasi kepada generasi muda Makassar untuk berani bermimpi besar @eomoniee_  AlamJelajahSulsel";0;0;0;0;in;1689495799259078656;1732330596301676656;n1kikiraiiii;https://twitter.com/n1kikiraiiii/status/1732550157013807198
Wed Dec 06 23:58:21 +0000 2023;1732550072699867204;"@Melihat_Indo Masyaallah luar biasa pak Ganjar bisa langsung di angkat sebagai warga kehormatan";0;0;0;0;in;1711308352381497344;1732316153006133376;sanuktri18465;https://twitter.com/sanuktri18465/status/1732550072699867204
Wed Dec 06 23:58:18 +0000 2023;1732550060196717015;"@Melihat_Indo Emg pantas pak ganjar mendapatkan kehormatan dari adat karna kecintaanya terhadap kebinekaan";0;0;0;0;in;1602841328966316032;1732316153006133376;Yoyokajadeh;https://twitter.com/Yoyokajadeh/status/1732550060196717015
Wed Dec 06 23:57:59 +0000 2023;1732549982442704935;"@sukardiyahya162 @psi_id @ganjarpranowo 75% publik ini pendukung Ganjar semua ??!! Wah Amiinn .. makasi udah di doakan https://t.co/jiMqdXZPvX";1;1;0;0;in;1529491450605768704;1732549300662718633;StefanAntonio__;https://twitter.com/StefanAntonio__/status/1732549982442704935
Wed Dec 06 23:57:58 +0000 2023;1732549978575577595;"@ganjarpranowo wah Pak Ganjar dekat banget dengan rakyat dari berbagai latar belakang";0;0;0;0;in;1503173679143825408;1732312270624207357;jihanputru;https://twitter.com/jihanputru/status/1732549978575577595
Wed Dec 06 23:57:50 +0000 2023;1732549943561433195;"@HusinShihab Aneh juga, Ganjar melanjutkan Jokowi tapi nyatakan Indonesia tidak baik-baik ğŸ˜‚";0;0;0;0;in;2611665710;1732223537119994222;pettasewa1;https://twitter.com/pettasewa1/status/1732549943561433195
Wed Dec 06 23:57:48 +0000 2023;1732549935432904803;"Ganjar Pranowo menegaskan lokalitas budaya tidak boleh diabaikan. #GanjarMahfud2024 https://t.co/NWTQANwRVi";0;0;0;0;in;875142990;1732549935432904803;Ganjar_corner;https://twitter.com/Ganjar_corner/status/1732549935432904803
Wed Dec 06 23:57:28 +0000 2023;1732549849781063845;"Pakaian adat menghias Pak Ganjar Pranowo sebagai warga kehormatan adat Dayak Kenyah Kalimantan Timur.  Gaspol Ganjar-Mahfud âœŠï¸ğŸ¤ŸğŸ‡²ğŸ‡¨ #SahabatGanjar  #GanjarMahfud2024 https://t.co/z1b3BUaqJn";0;0;17;25;in;1307892095240212480;1732549849781063845;Nduklala2;https://twitter.com/Nduklala2/status/1732549849781063845
Wed Dec 06 23:57:27 +0000 2023;1732549846966665664;"@kumparan 2024 all in ganjar Mahfud untuk Indonesia maju";0;0;0;0;in;1427318081794154512;1732340417491058948;MShoqrun;https://twitter.com/MShoqrun/status/1732549846966665664
Wed Dec 06 23:57:23 +0000 2023;1732549831967789212;"Ganjar Pranowo mendorong adanya pemberian pendidikan yang mendasar terkait lingkungan hidup yang dimulai sejak dini. #GanjarMahfud2024 https://t.co/g51kjlrjtB";0;0;1;1;in;875142990;1732549831967789212;Ganjar_corner;https://twitter.com/Ganjar_corner/status/1732549831967789212
Wed Dec 06 23:57:23 +0000 2023;1732549830738862469;"@jjaemonade_ @kegblgnunfaedh Haha  nuhun abi seuri isuk isuk";0;0;0;0;in;1428932633195520001;1732277260085043232;GSwanara;https://twitter.com/GSwanara/status/1732549830738862469
Wed Dec 06 23:57:22 +0000 2023;1732549824460018097;"Prabs bisa joget gemoy.  Ganjar:";0;1;0;0;in;53376784;1732549824460018097;RizkiJSaputra;https://twitter.com/RizkiJSaputra/status/1732549824460018097
Wed Dec 06 23:56:53 +0000 2023;1732549705329148245;"@icikiwir_08 @Wadas_Melawan Ini sebenarnya tanggung jawab dari pemerintah pusat dan Ganjar Pranowo. Di Wadas itu projek strategis nasional (PSN), begitu pula yang terjadi di Rembang.";0;0;0;1;in;1715075472198119425;1732439374498033766;ZiziShark;https://twitter.com/ZiziShark/status/1732549705329148245
Wed Dec 06 23:56:52 +0000 2023;1732549699398451676;"@ganjarpranowo Alhamdulillah program ini akan terus bisa berjalan bersama pak ganjar";0;0;0;0;in;1452912419022376961;1732312270624207357;binda2k;https://twitter.com/binda2k/status/1732549699398451676
Wed Dec 06 23:56:46 +0000 2023;1732549676342370556;"Ganjar Pranowo dinobatkan sebagai warga kehormatan, oleh suku adat Dayak Kalimantan Timur. #GanjarMahfud2024 https://t.co/e81kwOn9wF";0;0;0;0;in;875142990;1732549676342370556;Ganjar_corner;https://twitter.com/Ganjar_corner/status/1732549676342370556
Wed Dec 06 23:56:41 +0000 2023;1732549654859145659;"@NanangAR1f1n Pesan positif Alam Ganjar menciptakan gelombang optimisme di kalangan generasi muda Makassar @dinothesun  AlamJelajahSulsel";0;0;0;0;in;1688451595770773504;1732330596301676656;BurhanMalikk04;https://twitter.com/BurhanMalikk04/status/1732549654859145659
Wed Dec 06 23:56:24 +0000 2023;1732549584461930714;"@ganjarpranowo Mantap gasspool pa Ganjar";0;0;0;0;in;1320884598125936642;1731594026686763251;DarnaFirgiawan;https://twitter.com/DarnaFirgiawan/status/1732549584461930714
Wed Dec 06 23:56:19 +0000 2023;1732549560151719959;"@Kanjeng2022 Pendukung ganjar memalukan";0;0;0;0;in;1620712595572547586;1732391567275831790;hartonometroadv;https://twitter.com/hartonometroadv/status/1732549560151719959
Wed Dec 06 23:56:15 +0000 2023;1732549544846713148;"@tempodotco nah sudah komen orang ini, berarti fix ini cuma drama kubu ganjar ya";0;0;0;0;in;3022070084;1732370630983741524;torotrapah;https://twitter.com/torotrapah/status/1732549544846713148
Wed Dec 06 23:56:12 +0000 2023;1732549531747967258;"@Dennysiregar7 Transparansi dan partisipasi masyarakat menjadi landasan pemerintahan Ganjar yang demokratis.";0;1;0;0;in;1660670452879220736;1732313040970994098;pipieoo6;https://twitter.com/pipieoo6/status/1732549531747967258
Wed Dec 06 23:56:08 +0000 2023;1732549516782678395;"Hari kesepuluh kampanye, Ganjar Pranowo sambangi IKN https://t.co/tjAXXlkxbN";0;0;0;1;in;18071520;1732549516782678395;antaranews;https://twitter.com/antaranews/status/1732549516782678395
Wed Dec 06 23:56:06 +0000 2023;1732549506905088136;"@ganjarpranowo Rakyat tau kok pak ganjar adalah sosok yg pas buat indonesiaa";0;0;0;0;in;1691018217970679808;1732312270624207357;nurulluk;https://twitter.com/nurulluk/status/1732549506905088136
Wed Dec 06 23:56:05 +0000 2023;1732549501876097375;"@Dennysiregar7 Komitmen Ganjar terhadap pembangunan berkelanjutan menginspirasi banyak pihak.";0;0;0;0;in;1688496951338426368;1732313040970994098;Zurable1;https://twitter.com/Zurable1/status/1732549501876097375
Wed Dec 06 23:56:03 +0000 2023;1732549495219769553;"Ganjar Pranowo mendorong adanya pengembalian fungsi Bulog untuk mewujudkan adanya stabilisasi terhadap harga bahan pokok di Indonesia. #GanjarMahfud2024 https://t.co/S0YmjGEZXF";0;0;0;0;in;875142990;1732549495219769553;Ganjar_corner;https://twitter.com/Ganjar_corner/status/1732549495219769553
Wed Dec 06 23:55:49 +0000 2023;1732549436415553614;"@Ganjar_Mahfud03 @GaweiPeniel Itulah Tweet nya para kadrun  , saya tdk suka bully an begitu walau saya gak dukung Prabowo- Gibran â˜ºâ˜ºâ˜ºâ˜º";0;0;0;0;in;1213085911782584321;1732543340414148984;macan1962;https://twitter.com/macan1962/status/1732549436415553614
Wed Dec 06 23:55:39 +0000 2023;1732549392543183301;"@henrysubiakto bukannya kebalik..siapa yg selama ini menyerang jokowi sekeluarga dan prabowo? sampai megawati mengingatkan kader dan pendukungnya tdk terus2an menyerang jokowi..mungkin melihat suara ganjar semakin anjlok.jd pura2 baik sok bela jokowi.";0;1;0;1;in;1121816294280445952;1732545705687077045;kangSam70012085;https://twitter.com/kangSam70012085/status/1732549392543183301
Wed Dec 06 23:55:17 +0000 2023;1732549300662718633;"Rakyat yg mana ? Rakyat pendukung Ganjar ? Jgn ente generalisasikan orang yg emang tidak suka @psi_id karena tidak mendukung @ganjarpranowo lalu ente klaim sbg rakyat bangsa ini ! Jgn menggeneralisasi suatu masalah dgn logika sempit ente ! Berilah rakyat edukasi politik yg baik !";0;1;0;0;in;1539724674749579265;1732549300662718633;sukardiyahya162;https://twitter.com/sukardiyahya162/status/1732549300662718633
Wed Dec 06 23:55:06 +0000 2023;1732549256798699775;"@NanangAR1f1n Keberhasilan Alam Ganjar adalah contoh teladan bagi para pemuda yang ingin berprestasi di Makassar @ecalalapo  AlamJelajahSulsel";0;0;0;0;in;1689503349010554880;1732330596301676656;alexbahri320849;https://twitter.com/alexbahri320849/status/1732549256798699775
Wed Dec 06 23:55:06 +0000 2023;1732549255351738472;"@ganjarpranowo Pak ganjar tetap idola deh buat emak2 semoga harga2 sembako lekas stabil";0;0;0;0;in;1602841328966316032;1732266230952902704;Yoyokajadeh;https://twitter.com/Yoyokajadeh/status/1732549255351738472
Wed Dec 06 23:55:06 +0000 2023;1732549254080778463;"@ganjarpranowo Perhatian pada petani dan pedagang, Terima kasih Pak Ganjar";0;0;0;0;in;1607502520406134785;1732312270624207357;mahburiz;https://twitter.com/mahburiz/status/1732549254080778463
Wed Dec 06 23:54:54 +0000 2023;1732549204671975790;"@kangdede78 Logical fallacy paling gibran alias odong2. Ganjar punya modal keluarga yg luarbiasa, istri dan anak yg cerdas, cemerlang dan beradab, tidak gibran dan tidak planga-plongo. Itu alasannya kenapa ikut bantu kampanye di tempat yg berbeda.";0;0;0;0;in;1679104428635467778;1732405668672679952;seti4w4ngirsang;https://twitter.com/seti4w4ngirsang/status/1732549204671975790
Wed Dec 06 23:54:45 +0000 2023;1732549168902873247;"@Miduk17 Intinya... Capres untuk kali ini hanya GANJAR - MAHFUD lah yang paling Clear and Clean...  Selain itu.. NKRI akan jalan ditempat, kalau tidak mundur seperti jaman Orba.  Berpikir lah sedikit cerdas, jangan terlalu lugu.";0;0;0;0;in;1222412551528402945;1732261093048046036;Panca126;https://twitter.com/Panca126/status/1732549168902873247
Wed Dec 06 23:54:42 +0000 2023;1732549154742870348;"@Kanjeng2022 Memalukan pendukung ganjar";0;1;0;1;in;1620712595572547586;1732411483211157631;hartonometroadv;https://twitter.com/hartonometroadv/status/1732549154742870348
Wed Dec 06 23:54:23 +0000 2023;1732549074547798406;"@aan_muba all in pak Ganjar PranowoğŸ¤Ÿ";0;0;0;0;in;1651226150666993667;1732328320208166993;nurhali86888904;https://twitter.com/nurhali86888904/status/1732549074547798406
Wed Dec 06 23:54:10 +0000 2023;1732549022286803190;"Capres nomor urut 3, Ganjar Pranowo mendorong adanya stabilisasi produksi dan pemanfaatan data untuk menstabilkan harga bahan pokok di Indonesia. #GanjarMahfud2024 https://t.co/Gqr7TFy0bO";0;0;0;0;in;875142990;1732549022286803190;Ganjar_corner;https://twitter.com/Ganjar_corner/status/1732549022286803190
Wed Dec 06 23:54:09 +0000 2023;1732549018948177931;"@tvOneNews Atas dasar apa mereka bergabung dengan prabowo gibran, padahal itu wadas proyek pusat, sama saja proyek Jokowi, hanya karena itu di wilayah ganjar bukan berarti itu tanggung jawabnya sepenuhnya.  Berarti mereka ini pendukung pesanan ya?";0;0;0;0;in;1727594000344096768;1732237721907962239;25_JSurbakti;https://twitter.com/25_JSurbakti/status/1732549018948177931
Wed Dec 06 23:54:08 +0000 2023;1732549011989815508;"@ganjarpranowo Langkah pak ganjar dalam penanganan emang gaperlu diragukan lagi ya insyaallah berjalan dengan lancar dah membuat harga sembako lebih stabil";0;0;0;0;in;1697453394963894272;1732312270624207357;arzieec;https://twitter.com/arzieec/status/1732549011989815508
Wed Dec 06 23:54:07 +0000 2023;1732549007749398528;"@ganjarpranowo Sosok seperti pak ganjar yg cocok pimpin indonesia ğŸ¥°";0;0;0;0;in;1584484633986859009;1732312270624207357;Afindokuy;https://twitter.com/Afindokuy/status/1732549007749398528
Wed Dec 06 23:54:01 +0000 2023;1732548982025658626;"@ganjarpranowo Enggak heran dong pak Ganjar selalu mendengarkan aspirasi masyarakat";0;0;0;0;in;1694545350546378752;1732266230952902704;manda8o27134;https://twitter.com/manda8o27134/status/1732548982025658626
Wed Dec 06 23:53:37 +0000 2023;1732548883426038042;"Padahal Uchiha Ganjar dan Uchiha Koster bisa prediksi masa depan pake sherlinggan mereka makanya nolak";0;1;0;0;in;74629633;1732548883426038042;jaluekoh;https://twitter.com/jaluekoh/status/1732548883426038042
Wed Dec 06 23:53:12 +0000 2023;1732548777138126969;"Ganjar Pranowo Diangkat Jadi Warga Kehormatan Adat Dayak Kenyah https://t.co/fgh7YsfYcb";0;0;0;0;in;584835300;1732548777138126969;GesuriID;https://twitter.com/GesuriID/status/1732548777138126969
Wed Dec 06 23:52:53 +0000 2023;1732548699862319455;"@Melihat_Indo Inovasi terus berkembang di bawah kepemimpinan Ganjar, membawa solusi kreatif untuk perkembangan daerah.";0;0;0;0;in;1660670452879220736;1732316153006133376;pipieoo6;https://twitter.com/pipieoo6/status/1732548699862319455
Wed Dec 06 23:52:44 +0000 2023;1732548661740196247;"@Dennysiregar7 2024 semoga Pak Ganjar menjadi presiden untuk membenahi demokrasi yang rusak";0;1;0;0;in;1669993161714962433;1732313040970994098;sonic6209;https://twitter.com/sonic6209/status/1732548661740196247
Wed Dec 06 23:52:44 +0000 2023;1732548661572411794;"Semangat selalu pak Ganjar dukungan terus mengalir untuk kemenangan Ganjar Mahfud";0;0;0;0;in;1688496951338426368;1732548661572411794;Zurable1;https://twitter.com/Zurable1/status/1732548661572411794
Wed Dec 06 23:52:40 +0000 2023;1732548642664571175;"@ganjarpranowo Keren banget sih pak ganjar emang";0;0;0;0;in;1691739333752233985;1732266230952902704;AurelLaudia;https://twitter.com/AurelLaudia/status/1732548642664571175
Wed Dec 06 23:52:23 +0000 2023;1732548571281629444;"@ganjarpranowo Keren banget program pak Ganjar mah enggak perlu diragukan lagi";0;0;0;0;in;1694528255930646528;1732312270624207357;angga51k;https://twitter.com/angga51k/status/1732548571281629444
Wed Dec 06 23:52:08 +0000 2023;1732548508253827551;"@ganjarpranowo Luar biasa ni antusias para pedagang menyambut kedatangan pak ganjar bersama pak ganjar harga sembako insyaallah akan di stabilisasi";0;0;0;0;in;1680846246427385859;1732312270624207357;super_telly;https://twitter.com/super_telly/status/1732548508253827551
Wed Dec 06 23:52:05 +0000 2023;1732548496589557986;"@Melihat_Indo Dimana pun pak Ganjar berada selalu mendapatkan dukungan dan kehormatan selamat ya pak Ganjar orang baik akan selalu di terima dengan baik .";0;0;0;0;in;1710115934441279488;1732316153006133376;BangRiob5512;https://twitter.com/BangRiob5512/status/1732548496589557986
Wed Dec 06 23:51:50 +0000 2023;1732548435268800741;"@ganjarpranowo Hanya program dan visi misi dari Pak Ganjar lah yang terlihat rasional";0;0;0;0;in;1711913068018679808;1732312270624207357;Chikiball721630;https://twitter.com/Chikiball721630/status/1732548435268800741
Wed Dec 06 23:51:37 +0000 2023;1732548379597844854;"@ganjarpranowo Saya akan selalu mendukung dan percaya kepada pak ganjar";0;0;0;0;in;1707309072947777536;1732312270624207357;Ncjungwoo1;https://twitter.com/Ncjungwoo1/status/1732548379597844854
Wed Dec 06 23:51:30 +0000 2023;1732548351504396638;"@RizkiR4madani PagiğŸ¤Ÿ";0;0;0;1;in;1637841258231271424;1732539035552514217;Ganjar_Mahfud03;https://twitter.com/Ganjar_Mahfud03/status/1732548351504396638
Wed Dec 06 23:51:29 +0000 2023;1732548345846001815;"@NanangAR1f1n Keberanian Alam Ganjar membuktikan bahwa batas usia bukanlah halangan untuk meraih kesuksesan @doyoktana  AlamJelajahSulsel";0;0;0;0;in;1689284602748121089;1732330596301676656;b3llaanesss;https://twitter.com/b3llaanesss/status/1732548345846001815
Wed Dec 06 23:51:13 +0000 2023;1732548280469660036;"@ganjarpranowo Pak ganjar adalah pilihan terbaik untuk negara Indonesia kita";0;0;0;0;in;1707310620826284032;1732312270624207357;Ncten15;https://twitter.com/Ncten15/status/1732548280469660036
Wed Dec 06 23:51:02 +0000 2023;1732548230565806181;"@ganjarpranowo Alhamdulillah program program pak Ganjar terus berjalan";0;0;0;0;in;929089136060805120;1732312270624207357;sabiru5io;https://twitter.com/sabiru5io/status/1732548230565806181
Wed Dec 06 23:50:54 +0000 2023;1732548196965167291;"@kangdede78 https://t.co/v3ej5S2KZ1  Dari pada loe Jelekin Pa Ganjar...   Loe coba tanggapi deh yg iniğŸ™ğŸ»  Narasi perubahan itu banyak juga di senangi masyarakat loh Pak Komisaris  https://t.co/v3ej5S2KZ1";0;1;0;0;in;1338385940;1732405668672679952;ahmad_ripayyy;https://twitter.com/ahmad_ripayyy/status/1732548196965167291
Wed Dec 06 23:50:43 +0000 2023;1732548154313347369;"@ganjarpranowo Kiita emang butuh sosok pemimpin yg seperti pak ganjar ğŸ¥°";0;0;0;0;in;1687919856770027520;1732266230952902704;Dwidwikuy;https://twitter.com/Dwidwikuy/status/1732548154313347369
Wed Dec 06 23:50:42 +0000 2023;1732548147795399048;"@Dennysiregar7 Ayo pilih Pak Ganjar agar konstitusi tegak lurus kembali";0;1;0;0;in;1663708870395703296;1732313040970994098;SadafSayid;https://twitter.com/SadafSayid/status/1732548147795399048
Wed Dec 06 23:50:37 +0000 2023;1732548128447070306;"@ganjarpranowo Indonesia akan menuju masa kejayaan dengan pak ganjar";0;0;0;0;in;1707311839846289408;1732312270624207357;Nctaeil12;https://twitter.com/Nctaeil12/status/1732548128447070306
Wed Dec 06 23:50:26 +0000 2023;1732548081672241655;"@tvOneNews Wah mantap nih program pak Ganjar - Mahfud";0;0;0;0;in;1729507495285059585;1732345340748243310;AdamSyarif3113;https://twitter.com/AdamSyarif3113/status/1732548081672241655
Wed Dec 06 23:50:25 +0000 2023;1732548077108818192;"100% ğŸ‘           " TERIMA KASIH "  SELURUH  WARGA MASYARAKAT  KALIMANTAN TIMUR  ATAS  DUKUNGAN NYA  KEPADA  PAK GANJAR PRANOWO  PAK MAHFUD MD";0;0;2;7;in;1643857426972815361;1732548077108818192;AntonKu73047372;https://twitter.com/AntonKu73047372/status/1732548077108818192
Wed Dec 06 23:50:21 +0000 2023;1732548061254271075;"@StefanAntonio__ @sigitwid @mulfridasirait Anda ngetik begitu krn dia bukan wakil Ganjar toh ğŸ™ƒ, dan krn bapaknya belain jagoan anda ğŸ™ƒ.....";0;2;0;0;in;60247886;1732389862500946414;yanLebert;https://twitter.com/yanLebert/status/1732548061254271075
Wed Dec 06 23:50:15 +0000 2023;1732548033878098022;"@ganjarpranowo Mantap pak Ganjar mahfud Gaaspool";0;0;0;0;in;1598911146869735424;1732312270624207357;SlametKembar;https://twitter.com/SlametKembar/status/1732548033878098022
Wed Dec 06 23:50:10 +0000 2023;1732548015410524670;"@ganjarpranowo Emang terbaik sih pak ganjar selalu mengerti rakyat ğŸ¥°";0;0;0;0;in;1584484633986859009;1732266230952902704;Afindokuy;https://twitter.com/Afindokuy/status/1732548015410524670
Wed Dec 06 23:49:48 +0000 2023;1732547922682855883;"@Melihat_Indo InsyaAllah pak ganjar dapat suara banyak dari luar pulau Jawa";0;0;0;0;in;1600663194493517825;1732316153006133376;Titaniana123;https://twitter.com/Titaniana123/status/1732547922682855883
Wed Dec 06 23:49:45 +0000 2023;1732547911572217916;"@are_inismyname Keinginan IKN sdh ada sejak Soekarno apalagi sekarang sdh ada UUnya. Setiap Presiden terpilih wajib lanjutkan IKN. Dari awal Ganjar komitmen lanjutkan IKN. Komitmen melaksanakan UU knp harus jilat ludah sendiri??? Lanjutkan yg baik, benahi yg salah.";0;0;0;0;in;2268416372;1732423623405883428;Morodi5;https://twitter.com/Morodi5/status/1732547911572217916
Wed Dec 06 23:49:36 +0000 2023;1732547871420121597;"@NanangAR1f1n Setiap prestasi Alam Ganjar adalah bukti bahwa tidak ada batasan untuk mewujudkan impian @EchanBears  AlamJelajahSulsel";0;0;0;0;in;1688504946008940544;1732330596301676656;AuliaSyila7;https://twitter.com/AuliaSyila7/status/1732547871420121597
Wed Dec 06 23:49:32 +0000 2023;1732547853871153519;"@ganjarpranowo Indonesia pastinya akan jauh lebih maju karena pak ganjar";0;0;0;0;in;1707313885643177984;1732312270624207357;Ncyuta1;https://twitter.com/Ncyuta1/status/1732547853871153519
Wed Dec 06 23:49:31 +0000 2023;1732547851014770786;"@Melihat_Indo Semakin banyak dukungan pastinya banyak masyarakat yang mendukung Apalagi setelah Pak Ganjar diangkat sebagai warga kehormatan oleh suku adat Dayak";0;0;0;0;in;1620520517194203136;1732316153006133376;cornelia_corn3;https://twitter.com/cornelia_corn3/status/1732547851014770786
Wed Dec 06 23:49:18 +0000 2023;1732547797814288565;"@ganjarpranowo Pemimpin solutif yang kami nantikan. Ada pada pak Ganjar Pranowo";0;0;0;0;in;1503695462846857218;1732312270624207357;pin_uppin;https://twitter.com/pin_uppin/status/1732547797814288565
Wed Dec 06 23:49:10 +0000 2023;1732547763643249111;"@Anak__Ogi Suharto sukses yg dihancurkan PKI tak bertuhan.   Yg kali ini salah sasaran, krn Siapa Ganjar, dia menantu kiyai. Gunakan black campaign apapun nggak bakalan tembus. Apalagi dialamatkan thd ibu Atiqah isteri Ganjar, yg nota bene anak Kiyai.   Nggak tahu kl ibu suri yg disana itu";0;0;0;1;in;948751735392120832;1732247097121116384;Rfadlis1;https://twitter.com/Rfadlis1/status/1732547763643249111
Wed Dec 06 23:48:57 +0000 2023;1732547707380826531;"@ganjarpranowo Masyarakat Indonesia pastinya akan terus mendukung pak ganjar";0;0;0;0;in;1707318119373627392;1732312270624207357;Ncwin25;https://twitter.com/Ncwin25/status/1732547707380826531
Wed Dec 06 23:48:55 +0000 2023;1732547700342890997;"@Melihat_Indo Luar bisa sekali pak Ganjar dapat kehormatan dari suku adat dayak selamat nggeh pak ..";0;0;0;0;in;1708681453146693632;1732316153006133376;na_aya42592;https://twitter.com/na_aya42592/status/1732547700342890997
Wed Dec 06 23:48:49 +0000 2023;1732547674472333691;"@tvOneNews Mantap nih pak Ganjar sowan ke kesultanan";0;0;0;0;in;1729507495285059585;1732324649013588381;AdamSyarif3113;https://twitter.com/AdamSyarif3113/status/1732547674472333691
Wed Dec 06 23:48:43 +0000 2023;1732547650057367563;"@ganjarpranowo Pak Ganjar selalu punya cara asik untuk mendengarkan aspirasi kita";0;0;0;0;in;1503695462846857218;1732266230952902704;pin_uppin;https://twitter.com/pin_uppin/status/1732547650057367563
Wed Dec 06 23:48:38 +0000 2023;1732547627185745992;"@officialinews_ rakyat siap kawal Ganjar mahfud ğŸ¤Ÿ";0;0;0;0;in;1721028954616889344;1732352608734712121;tiyawanti70440;https://twitter.com/tiyawanti70440/status/1732547627185745992
Wed Dec 06 23:48:36 +0000 2023;1732547620865011960;"@Dennysiregar7 Semoga di kepemimpinan Pak Ganjar nanti demokrasi kembali stabil";0;0;0;0;in;1669214737014607873;1732313040970994098;chichifrichila;https://twitter.com/chichifrichila/status/1732547620865011960
Wed Dec 06 23:48:35 +0000 2023;1732547614992998718;"@ganjarpranowo Wah senang sekali melihat program pak Ganjar yang mengubah kita ke depannya";0;0;0;0;in;1688821195490390016;1732312270624207357;Bisla1080299;https://twitter.com/Bisla1080299/status/1732547614992998718
Wed Dec 06 23:48:32 +0000 2023;1732547602955256245;"@tvOneNews Bismillah menang pak Ganjar - MahfudğŸ”¥ğŸ”¥ğŸ”¥";0;0;0;0;in;1729495524519333888;1732325403484881375;adioovski;https://twitter.com/adioovski/status/1732547602955256245
Wed Dec 06 23:48:29 +0000 2023;1732547589906780405;"@SINDOnews @ganjarpranowo Teruntuk bapak Ganjar tetap maju jangan goyah pak,kami akan selalu kawal dan dukung GaMa untuk Indonesia ğŸ”¥";0;0;0;0;in;1493112580264853506;1732343625009467752;MlniChya;https://twitter.com/MlniChya/status/1732547589906780405
Wed Dec 06 23:48:27 +0000 2023;1732547580880707616;"@ganjarpranowo Pertemuan yang membuka solusi, Diskusi bersama Ganjar Pranowo.";0;0;0;0;in;1550384445697724416;1732266230952902704;KasanTonimin;https://twitter.com/KasanTonimin/status/1732547580880707616
Wed Dec 06 23:48:24 +0000 2023;1732547570231296506;"@ganjarpranowo Interaksi manis pak ganjar dengan masyarakat sangat keren";0;0;0;0;in;1707319520615165952;1732312270624207357;nctaeyong31;https://twitter.com/nctaeyong31/status/1732547570231296506
Wed Dec 06 23:48:01 +0000 2023;1732547473116463533;"@temanduit @deddysitorus @jokowi @puanmaharani_ri Ya itu,, gegara GIBRAN menolak pinangan @puanmaharani_ri   Jadi tidak heran jika @deddysitorus  kader @PDI_Perjuangan teriak teriak seperti cacing tanah yg kehilangan kepala  Itu semua akibat kesombongan Mega dan Kejahatan GANJAR PEMBAWA SIAL PDIP serta para Buzzer Sendiri";0;0;0;0;in;1707296384347697152;1732526707176063404;icikiwir_08;https://twitter.com/icikiwir_08/status/1732547473116463533
Wed Dec 06 23:47:50 +0000 2023;1732547428216381574;"@NanangAR1f1n Keberhasilan Alam Ganjar menjadi inspirasi positif bagi anak-anak muda Makassar yang bermimpi besar @DinosaurId  AlamJelajahSulsel";0;0;0;0;in;1689544508843970560;1732330596301676656;MFalizah88257;https://twitter.com/MFalizah88257/status/1732547428216381574
Wed Dec 06 23:47:46 +0000 2023;1732547408570274220;"@Melihat_Indo semoga pak ganjar bisa terus berkunjung ke sini nantinya yaa pak";0;0;0;0;in;1251179509;1732316153006133376;JohnbertB;https://twitter.com/JohnbertB/status/1732547408570274220
Wed Dec 06 23:47:43 +0000 2023;1732547398097109312;"@ganjarpranowo Dinanti solusi pak Ganjar. Semoga m3nang";0;0;0;0;in;1504943813894189056;1732312270624207357;afa_cantip;https://twitter.com/afa_cantip/status/1732547398097109312
Wed Dec 06 23:47:22 +0000 2023;1732547308062200032;"Coba kalo ini diterapin di indo, ganjar plonga plongo #ganja";0;0;0;0;in;1213703618374684672;1732547308062200032;doge_dudidam;https://twitter.com/doge_dudidam/status/1732547308062200032
Wed Dec 06 23:47:21 +0000 2023;1732547303951741320;"@ganjarpranowo Aminn,, Semoga sukses untuk pak Ganjar Pranowo.";0;0;0;0;in;1573712948329336832;1732266230952902704;bramsyaherr;https://twitter.com/bramsyaherr/status/1732547303951741320
Wed Dec 06 23:47:20 +0000 2023;1732547299753205886;"@Melihat_Indo Prosesi penyematan Ganjar Pranowo sebagai warga kehormatan Suku Adat Dayak Kalimantan Timur dilakukan secara sakral";0;0;0;0;in;1717378950304075776;1732316153006133376;mischasara78;https://twitter.com/mischasara78/status/1732547299753205886
Wed Dec 06 23:47:09 +0000 2023;1732547254450606472;"@ganjarpranowo Pak ganjar pasti akan  menjadi presiden yang sangat hebat";0;0;0;0;in;1707309072947777536;1732266230952902704;Ncjungwoo1;https://twitter.com/Ncjungwoo1/status/1732547254450606472
Wed Dec 06 23:47:03 +0000 2023;1732547228156514542;"@kumparan Menangkan Ganjar mahfuddğŸ¤ŸğŸ¤ŸğŸ¤Ÿ";0;0;0;0;in;1686298762602553344;1732353719273230774;Akuaja234t;https://twitter.com/Akuaja234t/status/1732547228156514542
Wed Dec 06 23:46:58 +0000 2023;1732547208971743477;"@Ganjar_Mahfud03 Pagi juga @Ganjar_Mahfud03 â˜•â˜•â¤";0;1;0;1;in;1389082210452443138;1732089652604174480;sami86pilang;https://twitter.com/sami86pilang/status/1732547208971743477
Wed Dec 06 23:46:41 +0000 2023;1732547139149136153;"@Chaves1305 Pada panik pendukungnya anis ganjar, ya memang tidak ada.dari mutiara Annisa gede dan zinedine alam gede juga gak adağŸ˜€ğŸ¤£ğŸ˜ğŸ˜†";0;0;0;0;in;1727996059375591424;1732270860382446032;LesmanaAli92743;https://twitter.com/LesmanaAli92743/status/1732547139149136153
Wed Dec 06 23:46:37 +0000 2023;1732547123051364518;"@ganjarpranowo Dengan kebaikan pak ganjar masyarakat akan terus mendukung beliau";0;0;0;0;in;1707310620826284032;1732266230952902704;Ncten15;https://twitter.com/Ncten15/status/1732547123051364518
Wed Dec 06 23:46:33 +0000 2023;1732547105808678953;"@Chaves1305 Anies dan ganjar kampanye mulai 28 November 2023 , kalau prabowo kampanye mulai 2 juni 2009 ğŸ˜ğŸ˜ğŸ˜";0;0;0;0;in;1470762746983505923;1732270860382446032;sishanung07;https://twitter.com/sishanung07/status/1732547105808678953
Wed Dec 06 23:46:21 +0000 2023;1732547054449393832;"@ganjarpranowo Alhamdulillah warga masyarakat senang menyambut  pa ganjar";0;0;0;0;in;1634811673306615809;1732312270624207357;Pocket62638361;https://twitter.com/Pocket62638361/status/1732547054449393832
Wed Dec 06 23:46:17 +0000 2023;1732547039022682157;"@Kanseulir Wapresnya muhaimin, kader NU... Caprenya ganjar, doyan nonton bokeppp...ğŸ¤­ğŸ¤­ğŸ¤­ğŸ¤­ğŸ¤­ğŸ¤­ğŸ¤­  Wiss angelll....ğŸ˜‚ğŸ˜„ğŸ˜‚ğŸ˜„ğŸ˜‚ğŸ˜„";0;0;0;0;in;1531703841380397058;1732432054439313877;aisyahf69386234;https://twitter.com/aisyahf69386234/status/1732547039022682157
Wed Dec 06 23:46:12 +0000 2023;1732547015010296273;"@BerrySilalahi65 @PDI_Perjuangan Kata pendukung Ganjar ini, kok debat tvone semalam adalah persyaratan KPU, apa benar Lae @deddysitorus ?";0;0;0;0;in;1690922889984569344;1732546170503958914;AliKarimi_23;https://twitter.com/AliKarimi_23/status/1732547015010296273
Wed Dec 06 23:46:08 +0000 2023;1732547001164890319;"@ganjarpranowo Mantap apk ganjar pemimpin yang dibutuhkan semua kalangan masyarakat mengerti apa yg jadi kebutuhan masyarakat";0;0;0;0;in;1600663194493517825;1732266230952902704;Titaniana123;https://twitter.com/Titaniana123/status/1732547001164890319
Wed Dec 06 23:46:03 +0000 2023;1732546977957892569;"@NanangAR1f1n Alam Ganjar, bukan hanya bintang bisnis, tapi juga pembawa semangat positif bagi pemuda Makassar @doyoungqi  AlamJelajahSulsel";0;0;0;0;in;1688501304052891648;1732330596301676656;ArmanAbrah;https://twitter.com/ArmanAbrah/status/1732546977957892569
Wed Dec 06 23:46:02 +0000 2023;1732546972622733685;"@Dennysiregar7 Dukungan untuk Ganjar Mahfud semakin banyak, maju terus sampai menang";0;0;0;0;in;1669102611541417985;1732313040970994098;sofihari43;https://twitter.com/sofihari43/status/1732546972622733685
Wed Dec 06 23:45:59 +0000 2023;1732546963370017224;"@ganjarpranowo Masya Allah bangga banget bisa dukung pak Ganjar dekat dengan masyarakat";0;0;0;0;in;1634811673306615809;1732266230952902704;Pocket62638361;https://twitter.com/Pocket62638361/status/1732546963370017224
Wed Dec 06 23:45:58 +0000 2023;1732546957737066553;"@ganjarpranowo Keren banget pak ganjar yang turun secara langsung ke dalam masyarakat";0;0;0;0;in;1707311839846289408;1732266230952902704;Nctaeil12;https://twitter.com/Nctaeil12/status/1732546957737066553
Wed Dec 06 23:45:40 +0000 2023;1732546882445234401;"@Melihat_Indo Diangkat sebagai warga kehormatan nih bener2 suatu kehormatan tersendiri buat oak ganjar sih ya";0;0;0;0;in;1123525774537940992;1732316153006133376;euncheehong;https://twitter.com/euncheehong/status/1732546882445234401
Wed Dec 06 23:45:22 +0000 2023;1732546807719420316;"@ganjarpranowo Indonesia pasti bakal lebih besar dan maju dengan adanya pak ganjar";0;0;0;0;in;1707312760424665088;1732266230952902704;Ncjhonny19;https://twitter.com/Ncjhonny19/status/1732546807719420316
Wed Dec 06 23:45:07 +0000 2023;1732546742254764177;"@cryptgems1000x Banyak orang" SONGONG bilang buat apa pilih Ganjar? All in Ganjar buat jadi ktua rt, nyadar gak yang mau lo pilih tu siapa klo selain Ganjar Mahfud yg berpengalaman, Prabowo jelas mengerikan tapi wakilnya kek gitu ga punya kredibilitas jg buat apa? Cuma buat makan gaji buta?";0;0;0;0;in;1003423466412838912;1731959904716366028;Michael12190832;https://twitter.com/Michael12190832/status/1732546742254764177
Wed Dec 06 23:45:01 +0000 2023;1732546717147680852;"@Melihat_Indo Selamat kepada Pak Ganjar! Kepercayaan dari Suku Adat Dayak bukan hanya sekadar penghargaan, tapi juga cerminan kesuksesan kepemimpinan yang inklusif dan mendukung berbagai kepentingan masyarakat. Sukses terus, Pak Ganjar!";0;0;0;0;in;1665866561276760065;1732316153006133376;ytsayangku;https://twitter.com/ytsayangku/status/1732546717147680852
Wed Dec 06 23:44:51 +0000 2023;1732546676005699668;"@Melihat_Indo Hebatnya Pak Ganjar bisa mendapat dukungan dari Kalimantan Timur. Ini menunjukkan bahwa kebijakan dan kepemimpinannya benar-benar diapresiasi oleh beragam lapisan masyarakat. Selamat atas penghargaannya!";0;0;0;0;in;1184070916222808064;1732316153006133376;iamyouralice;https://twitter.com/iamyouralice/status/1732546676005699668
Wed Dec 06 23:44:50 +0000 2023;1732546672121803071;"@PDI_Perjuangan Adem bgt liat bu Atikoh..semoga lancar debatnya buat pak Ganjar dan pak Mahfud ğŸ¤ŸğŸ¤Ÿ";0;0;0;0;in;1715955187339423744;1732364509694820608;croissantgosong;https://twitter.com/croissantgosong/status/1732546672121803071
Wed Dec 06 23:44:41 +0000 2023;1732546634930933912;"@ganjarpranowo Semakin yakin pak ganjar yang terbaik untuk perubahan yang lebih baik";0;0;0;0;in;1701402321144745984;1732312270624207357;pputriii098;https://twitter.com/pputriii098/status/1732546634930933912
Wed Dec 06 23:44:41 +0000 2023;1732546632561144251;"@Melihat_Indo Mantap! Kehormatan sebagai Warga Kehormatan oleh Suku Adat Dayak menunjukkan bahwa Pak Ganjar dihargai dan diakui oleh masyarakat adat. Semoga bisa terus berkontribusi positif.";0;0;0;0;in;1666758576776564737;1732316153006133376;syarioutlook;https://twitter.com/syarioutlook/status/1732546632561144251
Wed Dec 06 23:44:38 +0000 2023;1732546624055087320;"@ganjarpranowo Masyarakat sangat terbantu dengan aksi nyata pak ganjar";0;0;0;0;in;1707313885643177984;1732266230952902704;Ncyuta1;https://twitter.com/Ncyuta1/status/1732546624055087320
Wed Dec 06 23:44:30 +0000 2023;1732546590508982643;"@ganjarpranowo Sangat bangga dengan pak Ganjar krna mau mendengarkan langsung keluh kesah rakyat";0;0;0;0;in;1660670452879220736;1732266230952902704;pipieoo6;https://twitter.com/pipieoo6/status/1732546590508982643
Wed Dec 06 23:44:30 +0000 2023;1732546588457988603;"@Melihat_Indo yang bisa meraih dukungan dari berbagai daerah, termasuk Kalimantan Timur. Selamat ya, Pak Ganjar!";0;0;0;0;in;1064036834781458434;1732316153006133376;csoobinssi;https://twitter.com/csoobinssi/status/1732546588457988603
Wed Dec 06 23:44:03 +0000 2023;1732546477157958139;"@ganjarpranowo Pak ganjar akan selalu memberikan yang terbaik untuk masyarakat";0;0;0;0;in;1707318119373627392;1732266230952902704;Ncwin25;https://twitter.com/Ncwin25/status/1732546477157958139
Wed Dec 06 23:44:03 +0000 2023;1732546475270250828;"@Melihat_Indo Terima kasih untuk masyarakat Kalimantan Timur yang selalu mendukung pak Ganjar";0;0;0;0;in;1712504222670041088;1732316153006133376;XabinS50893;https://twitter.com/XabinS50893/status/1732546475270250828
Wed Dec 06 23:43:48 +0000 2023;1732546413719158990;"@ganjarpranowo luar biasa hanya pak ganjar calon pemimpin yang selalu memberikan solusi disetiap permasalahan yang masyarakat alami ga kek kubu sebelah";0;0;0;0;in;1698925458887426048;1732312270624207357;aulia97717;https://twitter.com/aulia97717/status/1732546413719158990
Wed Dec 06 23:43:44 +0000 2023;1732546396912558293;"@Melihat_Indo Penyematan gelar warga kehormatan menunjukkan respek mendalam terhadap Ganjar Pranowo.";0;0;0;0;in;1709992416928006144;1732316153006133376;valensofian;https://twitter.com/valensofian/status/1732546396912558293
Wed Dec 06 23:43:35 +0000 2023;1732546357381190104;"@Melihat_Indo Kedewasaan politik Ganjar tercermin dalam dukungan luas dari berbagai lapisan masyarakat.";0;0;0;0;in;1709989265021833216;1732316153006133376;umamsay_;https://twitter.com/umamsay_/status/1732546357381190104
Wed Dec 06 23:43:28 +0000 2023;1732546327748530332;"@UmarSyadatHsb__ Mau heran tapi ini lucu... Kedua kubu saling mengejek. Padahal mereka satu koloni. Kadrun kabeh.. ğŸ˜€ Tetap ganjar md";0;0;0;0;in;879853850521358336;1731603177727037460;Ady74903877;https://twitter.com/Ady74903877/status/1732546327748530332
Wed Dec 06 23:43:13 +0000 2023;1732546267467948464;"@Melihat_Indo Dukungan ini menunjukkan pemahaman Ganjar terhadap keberagaman Indonesia.";0;0;0;0;in;1709244943133548544;1732316153006133376;windynev_;https://twitter.com/windynev_/status/1732546267467948464
Wed Dec 06 23:43:05 +0000 2023;1732546231019487383;"@Melihat_Indo Langkah Suku Adat Dayak membuktikan bahwa Ganjar Pranowo dihargai sebagai pemimpin yang peduli.";0;0;0;0;in;1709234560851169280;1732316153006133376;vegalanes_;https://twitter.com/vegalanes_/status/1732546231019487383
Wed Dec 06 23:43:04 +0000 2023;1732546227567460720;"@yusuf_dumdum Karena Prabowo bukan Jokowi. GANJAR MAHFUD yang paling tepat melanjutkan Program2 Jokowi.";0;0;0;0;in;3224599700;1732362986759852043;patuaoi;https://twitter.com/patuaoi/status/1732546227567460720
Wed Dec 06 23:42:59 +0000 2023;1732546204750508202;"@Melihat_Indo Keren banget, semangat terus untuk pak ganjar";0;0;0;0;in;1712505057902731264;1732316153006133376;RamokSudim85057;https://twitter.com/RamokSudim85057/status/1732546204750508202
Wed Dec 06 23:42:56 +0000 2023;1732546193157443709;"@Melihat_Indo Ganjar diangkat sebagai warga kehormatan sebagai pengakuan atas kontribusinya yang positif.";0;0;0;0;in;1709525126189096960;1732316153006133376;ulfinurai_;https://twitter.com/ulfinurai_/status/1732546193157443709
Wed Dec 06 23:42:56 +0000 2023;1732546193153278057;"@ganjarpranowo Aminn,, Ganjar Mahfud M3nang total 2024. Sehat selalu Pak Ganjar";0;0;0;0;in;1578376974556225540;1732266230952902704;lorozsae;https://twitter.com/lorozsae/status/1732546193153278057
Wed Dec 06 23:42:46 +0000 2023;1732546152975696328;"@Melihat_Indo Sikap inklusif Ganjar tercermin dalam dukungan yang diterimanya dari berbagai komunitas.";0;0;0;0;in;1708801268251328512;1732316153006133376;yusufxdayt;https://twitter.com/yusufxdayt/status/1732546152975696328
Wed Dec 06 23:42:37 +0000 2023;1732546114363207966;"Tidak usah mendegradasi marwah dan kewibawaan Jokowi sbg presiden dg cara spt itu @GunRomli, makanya staf kepresidenan yg masuk TPN Ganjar segera saja mundur, ngapain jg menteri2nya masih blm mundur jg,  kami curiga akn bnyk drama2 yg memojokan Jokowi. Curiga boleh kan bkn nuduh";0;0;0;1;in;1709123175450288128;1732546111829835976;mas_veel;https://twitter.com/mas_veel/status/1732546114363207966
Wed Dec 06 23:42:36 +0000 2023;1732546111829835976;"Kang @GunRomli,  Kampanye ganjar selalu bertepatan dg kunjungan Jokowi, itu aku pribadi dan mungkin masyarakat yg lain curiga ada yg membocorkan jadwal2 Jokowi yg sdh terprogram, lalu diframing Jokowi nginthili kampanye ganjar, rakyat gak bego kang  https://t.co/havXvRA8Wx";0;4;2;6;in;1709123175450288128;1732546111829835976;mas_veel;https://twitter.com/mas_veel/status/1732546111829835976
Wed Dec 06 23:42:31 +0000 2023;1732546087846805889;"@NanangAR1f1n Keberhasilan Alam Ganjar membuktikan bahwa perjalanan panjang dimulai dari langkah pertama yang berani @Dinossoll  AlamJelajahSulsel";0;0;0;0;in;1688494151938215936;1732330596301676656;SifaMauli;https://twitter.com/SifaMauli/status/1732546087846805889
Wed Dec 06 23:42:29 +0000 2023;1732546081488334972;"@Melihat_Indo Keputusan Suku Adat Dayak menegaskan bahwa Ganjar adalah pemimpin yang diterima dengan baik.";0;0;0;0;in;1708793589965430784;1732316153006133376;vennardst;https://twitter.com/vennardst/status/1732546081488334972
Wed Dec 06 23:42:21 +0000 2023;1732546048885940733;"@Melihat_Indo Wahh luar biasa pak Ganjar langsung di angkat sebagai warga kehormatan oleh suku adat dayak";0;0;0;0;in;1712505659550490624;1732316153006133376;XabnanE15541;https://twitter.com/XabnanE15541/status/1732546048885940733
Wed Dec 06 23:42:20 +0000 2023;1732546043739582591;"@Melihat_Indo Dukungan Suku Adat Dayak memperkuat citra Ganjar sebagai pemimpin yang merakyat.";0;0;0;0;in;1708791425868120064;1732316153006133376;ukiharlian;https://twitter.com/ukiharlian/status/1732546043739582591
Wed Dec 06 23:42:11 +0000 2023;1732546004950593654;"@christiti_26 @Kingcube12 @Chaves1305 Kenapa sakit hati ya karena Gibran tidak jadi cawapres nya Ganjar ? https://t.co/CkJtcQrLmU";0;0;0;0;in;884249371839049728;1732270860382446032;abdul_waringin;https://twitter.com/abdul_waringin/status/1732546004950593654
Wed Dec 06 23:42:03 +0000 2023;1732545971828211884;"@hulwatt @mputaku188156 @Dennysiregar7 Pemimpin kita terbaik adalah pak ganjar mahfud";0;0;0;0;in;1704596492047032320;1732313040970994098;adeksetia184043;https://twitter.com/adeksetia184043/status/1732545971828211884
Wed Dec 06 23:42:01 +0000 2023;1732545964421116046;"@kumparan rangkul siapapun itu pak Ganjar sudah tidak salah pilih dah ketika milih pak Ganjar ğŸ¤Ÿ";0;0;0;0;in;1704456335017005056;1732340417491058948;bagasprase1392;https://twitter.com/bagasprase1392/status/1732545964421116046
Wed Dec 06 23:41:48 +0000 2023;1732545909958099434;"@Melihat_Indo Masyarakat semakin yakin untuk dukung Ganjar Mahfud menuju kemenangan";0;0;0;0;in;1700144000038998016;1732316153006133376;hariprasetya076;https://twitter.com/hariprasetya076/status/1732545909958099434
Wed Dec 06 23:41:37 +0000 2023;1732545860737864134;"Banyak yang kayak gitu di Timeline gue. Sok Netral tapi nyerang Ganjar. Para Pemakan Bangkai.";0;0;1;0;in;996826469400629248;1732545860737864134;kopitoba;https://twitter.com/kopitoba/status/1732545860737864134
Wed Dec 06 23:41:36 +0000 2023;1732545857004990807;"@porosotLeos1 @Dennysiregar7 @psi_id @prabowo @gibran_tweet @ganjarpranowo Itulah mereka... Pingin njatuhin pak ganjar, eh malah dia yg kepleset. Dia nggk tahu kalo kraton jogja itu "malati" nggk bisa dibuat Main2...";0;0;0;3;in;1364867719;1732319569996599492;yuwantino12;https://twitter.com/yuwantino12/status/1732545857004990807
Wed Dec 06 23:41:26 +0000 2023;1732545815506542754;"@Melihat_Indo Wah keren banget ya pak ganjar bisa diangkat jadi warga kehormatan";0;0;0;0;in;1516723503856201729;1732316153006133376;nesanyasiapa;https://twitter.com/nesanyasiapa/status/1732545815506542754
Wed Dec 06 23:41:23 +0000 2023;1732545804295172457;"@devy_casanofa Baaarakallaaah 2024 Ganjar Mahfud presiden wkil presiden NKRI ğŸ¤²ğŸ¤²ğŸ¤²ğŸ¤²ğŸ¤²ğŸ™";0;0;0;1;in;1657737990385586182;1732361062341833163;Muhamma24865031;https://twitter.com/Muhamma24865031/status/1732545804295172457
Wed Dec 06 23:41:04 +0000 2023;1732545722858566140;"@emerson_yuntho nggak bagus gitu om. kan kasihan dan nggak elok juga ganjar dibilang ganjar bokep.";0;0;0;0;in;91326639;1732416576744488996;chireng;https://twitter.com/chireng/status/1732545722858566140
Wed Dec 06 23:40:58 +0000 2023;1732545698330194274;"@Melihat_Indo Penghargaan yang sangat luar biasa dan membanggakan untuk pak Ganjar";0;0;0;0;in;1700138832761360384;1732316153006133376;asyilaretno;https://twitter.com/asyilaretno/status/1732545698330194274
Wed Dec 06 23:40:30 +0000 2023;1732545583427322253;"Ganjar serap aspirasi pedagang https://t.co/k85vfDnK6s";0;0;0;0;in;1408274397194964995;1732545583427322253;mimicutiiee;https://twitter.com/mimicutiiee/status/1732545583427322253
Wed Dec 06 23:40:27 +0000 2023;1732545568646537445;"@Melihat_Indo MasyaAllah makin banyak aja nih yang dukung pak Ganjar";0;0;0;0;in;1712506461316853760;1732316153006133376;BablaRudi79281;https://twitter.com/BablaRudi79281/status/1732545568646537445
Wed Dec 06 23:40:22 +0000 2023;1732545549017207048;"@Chaves1305 Seblum jadi gubernur dan sesudah jadi gubernur ganjar dan anis untuk rakyat tidak ada sama sekali, apalagi untuk negara. Contoh anis dan ganjar gaji gubernur aja di makan sendiri, jadi yg mereka lakukan buat rakyat tidak ada. ğŸ¤£ğŸ˜ğŸ˜›ğŸ˜‚";0;0;0;0;in;1727996059375591424;1732270860382446032;LesmanaAli92743;https://twitter.com/LesmanaAli92743/status/1732545549017207048
Wed Dec 06 23:40:21 +0000 2023;1732545543954670009;"@Chaves1305 Ganjar sudah membuat 1 juta orang miskin menjadi tidak miskin di Jateng dalam 10 tahun";0;0;0;0;in;1447832028959834113;1732270860382446032;IwanHSidiq;https://twitter.com/IwanHSidiq/status/1732545543954670009
Wed Dec 06 23:40:20 +0000 2023;1732545541878489211;"Ganjar disambut antusias masyarakat kalimantan https://t.co/zQZLG2sbm6";0;0;0;0;in;1408274397194964995;1732545541878489211;mimicutiiee;https://twitter.com/mimicutiiee/status/1732545541878489211
Wed Dec 06 23:40:03 +0000 2023;1732545466762735814;"Ganjar diberi slayer manik manik khas kalimantan timur https://t.co/iO1pLQVTC2";0;0;0;0;in;1408274397194964995;1732545466762735814;mimicutiiee;https://twitter.com/mimicutiiee/status/1732545466762735814
Wed Dec 06 23:39:51 +0000 2023;1732545419983642955;"Ganjar pranowo pernah nonton metalica loh https://t.co/hzDOCh9duF";0;1;1;1;in;1408274397194964995;1732545419983642955;mimicutiiee;https://twitter.com/mimicutiiee/status/1732545419983642955
Wed Dec 06 23:39:44 +0000 2023;1732545386936713335;"@AHYS14P Keadilan pasti ada jalannya sendiri....kasihan Pak Ganjar. Buat tameng Pak Lurah";0;0;0;1;in;3437972387;1732329028575691102;arno_kalijaga;https://twitter.com/arno_kalijaga/status/1732545386936713335
Wed Dec 06 23:39:42 +0000 2023;1732545380003549322;"@Melihat_Indo Pilih Ganjar Mahfud aja yg udh pasti";0;0;0;0;in;1596841441421975557;1732354736521871659;Mbakayuye;https://twitter.com/Mbakayuye/status/1732545380003549322
Wed Dec 06 23:39:29 +0000 2023;1732545325691531343;"Ganjar dorong pemanfaatan komoditas tambang https://t.co/KtjuclD5eE";0;0;0;0;in;1408274397194964995;1732545325691531343;mimicutiiee;https://twitter.com/mimicutiiee/status/1732545325691531343
Wed Dec 06 23:39:28 +0000 2023;1732545322357027252;"@TheLadyJoker Intinya... Capres untuk kali ini hanya GANJAR - MAHFUD lah yang paling Clear and Clean...  Selain itu.. NKRI akan jalan ditempat, kalau tidak mundur seperti jaman Orba.  Berpikir lah sedikit cerdas, jangan terlalu lugu.";0;0;0;0;in;1222412551528402945;1731875616671076430;Panca126;https://twitter.com/Panca126/status/1732545322357027252
Wed Dec 06 23:39:28 +0000 2023;1732545320301855031;"@ganjarpranowo semoga pak ganjar di beri kesehatan di beri kelancaran dalam pemilu smpai bisa jadi presiden amin";0;0;0;0;in;1525800856863801345;1732312270624207357;oktafiandri_;https://twitter.com/oktafiandri_/status/1732545320301855031
Wed Dec 06 23:39:23 +0000 2023;1732545301821751635;"@mputaku188156 @Melihat_Indo Waw amazinggg banget pak ganjar dimana mana selalu di angkat oleh masyarakat, toko adat setempat keren";0;0;0;0;in;1704596492047032320;1732316153006133376;adeksetia184043;https://twitter.com/adeksetia184043/status/1732545301821751635
Wed Dec 06 23:39:13 +0000 2023;1732545259715113292;"@Melihat_Indo Kita berjuang bersama pak Ganjar untuk lawan politik dinasti";0;0;0;0;in;1700141685806649344;1732316153006133376;prasetya9585;https://twitter.com/prasetya9585/status/1732545259715113292
Wed Dec 06 23:39:13 +0000 2023;1732545258192552280;"@Melihat_Indo Semangat untuk pak ganjar dan pak mahfud gaspol kawal terooos";0;0;0;0;in;1703702988664262656;1732316153006133376;ikaadelia707;https://twitter.com/ikaadelia707/status/1732545258192552280
Wed Dec 06 23:39:03 +0000 2023;1732545217239437674;"Ganjar adalah caores yang mendukung digitalisasi https://t.co/MaQQTjVNMT";0;0;0;0;in;1408274397194964995;1732545217239437674;mimicutiiee;https://twitter.com/mimicutiiee/status/1732545217239437674
Wed Dec 06 23:38:56 +0000 2023;1732545186994196820;"@NanangAR1f1n Alam Ganjar menginspirasi pemuda Makassar untuk berani melangkah ke dunia bisnis @eonni__  AlamJelajahSulsel";0;0;0;0;in;1688489449452380160;1732330596301676656;absrrahamBUDI;https://twitter.com/absrrahamBUDI/status/1732545186994196820
Wed Dec 06 23:38:51 +0000 2023;1732545167230714099;"Ganjar dorong peningkatan sdm berdaya saing https://t.co/pyB6yiN1k9";0;0;0;0;in;1408274397194964995;1732545167230714099;mimicutiiee;https://twitter.com/mimicutiiee/status/1732545167230714099
Wed Dec 06 23:38:47 +0000 2023;1732545149694263406;"@ganjarpranowo demi memberikan solusi buat rakyat pak ganjar rela turun langsung aku suka pak ganjar yg blusukan";0;0;0;0;in;1504523860561260545;1732312270624207357;ErlinaNiswa;https://twitter.com/ErlinaNiswa/status/1732545149694263406
Wed Dec 06 23:38:46 +0000 2023;1732545144946377132;"@Melihat_Indo Ganjar Mahfud untuk Indonesia lebih baik";0;0;0;0;in;1594001739027734528;1732354736521871659;gustidewiagung;https://twitter.com/gustidewiagung/status/1732545144946377132
Wed Dec 06 23:38:42 +0000 2023;1732545126961226212;"Ganjar serap aspirasi soal bbm bersama masyarakat bakikpapan https://t.co/IQYoewAcVR";0;0;0;0;in;1408274397194964995;1732545126961226212;mimicutiiee;https://twitter.com/mimicutiiee/status/1732545126961226212
Wed Dec 06 23:38:41 +0000 2023;1732545125551903004;"@mputaku188156 @Melihat_Indo Bismillah m3nang . Suara rakyat untuk pak ganjar mahfud";0;0;0;0;in;1704499288896598016;1732316153006133376;hulwatt;https://twitter.com/hulwatt/status/1732545125551903004
Wed Dec 06 23:38:30 +0000 2023;1732545078114283825;"Ganjar punya hobi naik gunung lohh https://t.co/a4VS2wPBGY";0;0;0;0;in;1408274397194964995;1732545078114283825;mimicutiiee;https://twitter.com/mimicutiiee/status/1732545078114283825
Wed Dec 06 23:38:18 +0000 2023;1732545029993054639;"Ganjar itu solutif, nggak kayak 02 ibu hamil dikasih asam sulfat yo modar https://t.co/IEFyI8bjYd";0;0;0;1;in;881441868139057152;1732545029993054639;0852_3195;https://twitter.com/0852_3195/status/1732545029993054639
Wed Dec 06 23:38:08 +0000 2023;1732544986963710181;"@Melihat_Indo Pak ganjar memang sangat humble dan rendah hati wajar saja klo banyak yang menyukai nya";0;2;0;0;in;1704467202236186624;1732316153006133376;mputaku188156;https://twitter.com/mputaku188156/status/1732544986963710181
Wed Dec 06 23:38:18 +0000 2023;1732545028671873093;"ganjar komitmen betikan kemufahan akses beasiswa https://t.co/2owcFDGDkK";0;0;0;0;in;1408274397194964995;1732545028671873093;mimicutiiee;https://twitter.com/mimicutiiee/status/1732545028671873093
Wed Dec 06 23:38:05 +0000 2023;1732544971738353876;"@ganjarpranowo Keren pak Ganjar benar2 sangat peduli dengan kami rakyat kecil";0;0;0;0;in;1718757235344687104;1732312270624207357;sjengkol303;https://twitter.com/sjengkol303/status/1732544971738353876
Wed Dec 06 23:38:04 +0000 2023;1732544970899546496;"@Melihat_Indo Semangat selalu pak Ganjar dukungan terus mengalir untuk kemenangan Ganjar Mahfud";0;0;0;0;in;1669102611541417985;1732316153006133376;sofihari43;https://twitter.com/sofihari43/status/1732544970899546496
Wed Dec 06 23:37:57 +0000 2023;1732544941312950565;"@ganjarpranowo nah bner nih pak ada bnyk solusi untuk rakyat pak Ganjar emng pling terbaik";0;0;0;0;in;1504516994250735616;1732312270624207357;nawangw260;https://twitter.com/nawangw260/status/1732544941312950565
Wed Dec 06 23:37:47 +0000 2023;1732544896043786600;"@AndyHuskyyy gokil pak ganjar";0;0;0;0;in;1062143102;1732358353744286136;raflydjimun;https://twitter.com/raflydjimun/status/1732544896043786600
Wed Dec 06 23:37:37 +0000 2023;1732544857678434746;"@Melihat_Indo Alhamdulillah ya semua pada senang dengan pak ganjar mahfud";0;0;0;0;in;1706320626313461761;1732316153006133376;cininicana;https://twitter.com/cininicana/status/1732544857678434746
Wed Dec 06 23:37:23 +0000 2023;1732544797506949159;"@FatEmolga @strike_bravo_b iya, gw yg awalbya muak bgt ama pdip ampe mikir dikit, kayaknya ganjar ama pdip ga jahat2 bgt wkw";0;2;0;2;in;1718923117425487872;1732422830262988954;asenselife;https://twitter.com/asenselife/status/1732544797506949159
Wed Dec 06 23:37:00 +0000 2023;1732544699821703669;"@kangdede78 biasa bully anies selalu aman karena anies mmg ga peduli, tapi kali ini ganjar mahfud dan pdip, kita tunggu orang ini kepeleset jari, dan kita lihat kayak apa kalau bu mega sudah marah...";0;0;0;0;in;882984932431101953;1732405668672679952;Harry85469365;https://twitter.com/Harry85469365/status/1732544699821703669
Wed Dec 06 23:36:50 +0000 2023;1732544658444804130;"Udah gosah malu2 dukung prabowo. Ngapain pakai tameng jokowi juga.  Pakai ngeles buzzer ganjar segala. Klean itu pilih capres apa pilih buzzer?   ğŸ˜ğŸ˜ğŸ˜";1;0;3;4;in;861195031;1732544658444804130;kembangkertas97;https://twitter.com/kembangkertas97/status/1732544658444804130
Wed Dec 06 23:36:46 +0000 2023;1732544640862269775;"@Melihat_Indo Alkhamdulillah semoga jadi awal yg baik untuk pak ganjar dan pak mahfud";0;0;0;0;in;1723060798325657600;1732316153006133376;shafamarwa910;https://twitter.com/shafamarwa910/status/1732544640862269775
Wed Dec 06 23:36:19 +0000 2023;1732544530883494353;"@ganjarpranowo Keren pak Ganjar fansnya kebanyakan bapack-bapack kalo disanağŸ˜‚";0;0;0;0;in;1717213567282565120;1732266230952902704;Naufal698993983;https://twitter.com/Naufal698993983/status/1732544530883494353
Wed Dec 06 23:36:12 +0000 2023;1732544501150060873;"@officialinews_ pasangan Ganjar Mahfud menunjukkan komitmen yg teguh terhadap prinsip prinsip konstitusi dalam perjalanan mereka menuju pemilihanğŸ”¥";0;0;0;0;in;1411719558432313347;1732301348018782462;kamilah82993627;https://twitter.com/kamilah82993627/status/1732544501150060873
Wed Dec 06 23:36:06 +0000 2023;1732544472662348074;"@ganjarpranowo pak ganjar turun langsung ke petani ini baru solusi pak ganjar bisa jdi presiden selanjutnya";0;0;0;0;in;1701868030022889472;1732312270624207357;bluechesee1212;https://twitter.com/bluechesee1212/status/1732544472662348074
Wed Dec 06 23:35:43 +0000 2023;1732544379406143698;"@YRadianto @Hasanudin @gibran_tweet Belimbing sayur lulusan SMK takut debat ğŸ¤£";0;0;0;1;in;1637841258231271424;1732396346173428200;Ganjar_Mahfud03;https://twitter.com/Ganjar_Mahfud03/status/1732544379406143698
Wed Dec 06 23:35:33 +0000 2023;1732544334149591088;"@Melihat_Indo Saat sukses bersama, Ganjar mendapat apresiasi istimewa dari Suku Adat Dayak di Kalimantan Timur. Kini, sebagai Warga Kehormatan, perjalanan ini menjadi bukti sinergi yang kuat";0;0;0;0;in;1466964742912700416;1732316153006133376;ashillazmt;https://twitter.com/ashillazmt/status/1732544334149591088
Wed Dec 06 23:35:26 +0000 2023;1732544306265956724;"@alextham878 Saya bukan pendukung Ganjar, malah Ganjar adalah capres yang tidak pernah saya pertimbangkan...tapi daripada nyinyir istri ganjar, mending istri capresmu aja suruh  ikut kampanye.........";0;0;0;0;in;1661895844243853313;1732218526520447163;segobecak;https://twitter.com/segobecak/status/1732544306265956724
Wed Dec 06 23:35:19 +0000 2023;1732544276301811790;"@PartaiSocmed maaf ya bukan pendukung itu paslon, tapi batal bukan sekedar karena pak ganjar dan pdip, banyak faktornya";0;0;0;0;in;1532143905667309569;1732302703257436245;AishaShandia;https://twitter.com/AishaShandia/status/1732544276301811790
Wed Dec 06 23:34:56 +0000 2023;1732544182680694880;"@Melihat_Indo Di bawah naungan dukungan hebat dari masyarakat Kalimantan Timur, Ganjar dihormati sebagai Warga Kehormatan oleh Suku Adat Dayak. Bersama, kita membangun kebersamaan yang tak tergoyahkan";0;0;0;0;in;1612594334586793984;1732316153006133376;bhahtera;https://twitter.com/bhahtera/status/1732544182680694880
Wed Dec 06 23:34:53 +0000 2023;1732544168772456652;"@xquitavee GANJAR MACHFUD MENANG SATU PUTARAN,,ğŸ‘";0;0;0;0;in;1058255746482098176;1732251859493286274;aslijawa82;https://twitter.com/aslijawa82/status/1732544168772456652
Wed Dec 06 23:34:39 +0000 2023;1732544111675343168;"@sami86pilang Pagi ğŸŒ„ğŸ™‹";0;1;0;1;in;1637841258231271424;1732089652604174480;Ganjar_Mahfud03;https://twitter.com/Ganjar_Mahfud03/status/1732544111675343168
Wed Dec 06 23:34:39 +0000 2023;1732544110807117887;"Prabowo itu status quo. Artinya IKN lanjut,  korbanÂ² kebiadaban rejim orson gabakal pernah dapet keadilan. Ganjar idem + partai terkorup. Anies ahlul hianat, pemaksa vaksin laknat.  Ga ada yg beres semua. Demikian, gw golput tanpa cela. Gosah lg nanya gw dukung siapa. Tabok nih!";0;0;0;1;in;70653575;1732544110807117887;densatjo;https://twitter.com/densatjo/status/1732544110807117887
Wed Dec 06 23:34:32 +0000 2023;1732544080587194618;"@Melihat_Indo Suku Adat Dayak mengangkat Ganjar sebagai Warga Kehormatan sebagai bentuk penghargaan atas dedikasinya dan dukungan besar dari warga Kalimantan Timur. Sukses bersama, bersatu dalam keberagaman";0;0;0;0;in;1495399533634748418;1732316153006133376;kmlhmh;https://twitter.com/kmlhmh/status/1732544080587194618
Wed Dec 06 23:34:28 +0000 2023;1732544064187441204;"@Gus_Raharjo Wadas program pemerintah pusat &amp  bumn tp yg nanggung akibat ganjar yg dihujat dibuly..diintimidasi Ganjar pdhl ganjar memperjuangkan hak 2 warga wadas..";0;1;2;13;in;914731505733136384;1732433974302298220;Larazaty6;https://twitter.com/Larazaty6/status/1732544064187441204
Wed Dec 06 23:34:23 +0000 2023;1732544042419073156;"@Melihat_Indo pengangkatan ini benar benar mencerminkam bahwa warga suku adat dayak memberikan dukungan pada pak ganjar";0;0;0;0;in;1708053118309847040;1732316153006133376;balkoqn;https://twitter.com/balkoqn/status/1732544042419073156
Wed Dec 06 23:34:16 +0000 2023;1732544013105054035;"@PUTRY_NUSANTARA Belimbing sayur takut debat maklum lulusan SMK kaliğŸ¤£";0;0;0;1;in;1637841258231271424;1732413793765122086;Ganjar_Mahfud03;https://twitter.com/Ganjar_Mahfud03/status/1732544013105054035
Wed Dec 06 23:34:14 +0000 2023;1732544004343169046;"@Melihat_Indo Tetap optimis pak Ganjar, semua mendukung mu";0;0;0;0;in;1704374638254673920;1732316153006133376;andre13667;https://twitter.com/andre13667/status/1732544004343169046
Wed Dec 06 23:34:03 +0000 2023;1732543956825850100;"@Melihat_Indo Penghormatan luar biasa! Ganjar diterima sebagai Warga Kehormatan oleh Suku Adat Dayak, mengukuhkan ikatan erat antara pemimpin dan masyarakat Kalimantan Timur dalam perjalanan pembangunan bersama";0;0;0;0;in;1612600347104808961;1732316153006133376;lordarnld;https://twitter.com/lordarnld/status/1732543956825850100
Wed Dec 06 23:33:54 +0000 2023;1732543921081999574;"@ganjarpranowo dari Kupang, lombok , Kendari ga ada rasa lelah pak ganjar kalau udah turun langsung ke rakyat";0;0;0;0;in;1689641955091951619;1732312270624207357;KanayaZii;https://twitter.com/KanayaZii/status/1732543921081999574
Wed Dec 06 23:33:49 +0000 2023;1732543899040965021;"@kumparan menjelang pemilu banyak hoaxs bertebaran, semangat terus pak ganjar kami selalu mendukungmu ğŸ‘ğŸ»";0;0;0;0;in;1628216459733372930;1732325318793544125;imdllapspta;https://twitter.com/imdllapspta/status/1732543899040965021
Wed Dec 06 23:33:38 +0000 2023;1732543854308725070;"@KompasTV Pak Ganjar siap menerima kritikan kok, gapapa. Pak Ganjar menanggapi dengan santai";0;0;0;0;in;1704060429889376256;1732287161649745934;hi_dwiink;https://twitter.com/hi_dwiink/status/1732543854308725070
Wed Dec 06 23:33:30 +0000 2023;1732543819684700576;"@FeniksFireBird Karena Ganjar Pakai Hati, pasti Menang";0;0;0;0;in;1362296105552121863;1732413108533284888;Joker_Li55ong;https://twitter.com/Joker_Li55ong/status/1732543819684700576
Wed Dec 06 23:33:29 +0000 2023;1732543815473676398;"@AntonKu73047372 @RizkiR4madani Gue pilih ganjar-  Mahfud  tapi anak gue pilih Prabowo- Gibran Seandainya ada Mahfud - Gibran pasti kami satu pilihan â˜ºâ˜ºâ˜º";0;0;0;0;in;1213085911782584321;1732535254131560502;macan1962;https://twitter.com/macan1962/status/1732543815473676398
Wed Dec 06 23:33:16 +0000 2023;1732543761031503931;"@SETYAKI22965702 Bagi Pak ğŸ¤Ÿ #GanjarMahfud2024";0;0;0;0;in;1637841258231271424;1732405151741431936;Ganjar_Mahfud03;https://twitter.com/Ganjar_Mahfud03/status/1732543761031503931
Wed Dec 06 23:33:15 +0000 2023;1732543759370596409;"@Melihat_Indo Mantap nih pak ganjar semoga banyak lagi dukungan dukangan untuk pak ganjar dan pak mahfud";0;0;0;0;in;1705799327082500096;1732316153006133376;nurafid43172770;https://twitter.com/nurafid43172770/status/1732543759370596409
Wed Dec 06 23:33:10 +0000 2023;1732543737287581726;"@ganjarpranowo mereka curhat banget yaa. tapi pak ganjar selalu senantiasa mendengarkan";0;0;0;0;in;1243922173;1732266230952902704;AAysweet;https://twitter.com/AAysweet/status/1732543737287581726
Wed Dec 06 23:33:10 +0000 2023;1732543734523511036;"@Melihat_Indo Mandau yang diberikan ke Pak Ganjar, menjadi simbol dari harapan warga agar Pak Ganjae diberikan kekuatan dan keberanian untuk  menjalankan tugas dengan amanah.";0;0;0;0;in;1708041625233145856;1732316153006133376;epxample;https://twitter.com/epxample/status/1732543734523511036
Wed Dec 06 23:33:03 +0000 2023;1732543705536684337;"@DjohanLianto Lulusan SMK kali bener ğŸ¤£";0;0;0;0;in;1637841258231271424;1732428871998538223;Ganjar_Mahfud03;https://twitter.com/Ganjar_Mahfud03/status/1732543705536684337
Wed Dec 06 23:33:02 +0000 2023;1732543704102207742;"@ganjarpranowo inilah sosok pemimpin yang sangat dekat dengan masyarakat luar biasa emg pak ganjar nih";0;0;0;0;in;1689490958893903872;1732266230952902704;FitryahF62740;https://twitter.com/FitryahF62740/status/1732543704102207742
Wed Dec 06 23:33:02 +0000 2023;1732543700784546188;"@Dennysiregar7 keren ya antusias mereka dukung pak ganjar";0;0;0;0;in;1669994870889680896;1732313040970994098;mawars038;https://twitter.com/mawars038/status/1732543700784546188
Wed Dec 06 23:32:51 +0000 2023;1732543658619199649;"@Duren___ Dia udh menagundurkan diri kali, yg blom mengundurkan diri justru stafsus yg dukung ganjar";0;0;0;0;in;4859508591;1732270602365612436;Gunawanpark;https://twitter.com/Gunawanpark/status/1732543658619199649
Wed Dec 06 23:32:41 +0000 2023;1732543615938015332;"Politik Belimbing Sayur Ala @PDI_Perjuangan dan @psi_id   1. Bikin dua kubu Ganjar-Mahfud dan Prabowo-Gibran untuk pecahkan suara di pilpres 2024 ala PILKADES  2. Drama cakar-cakaran supaya terlihat serius menjadi lawan politik dan sesungguhnya mereka kakak-adik";0;0;0;0;in;886899169314488320;1732543615938015332;Mohamad41967776;https://twitter.com/Mohamad41967776/status/1732543615938015332
Wed Dec 06 23:32:04 +0000 2023;1732543460597748129;"@ganjarpranowo rame dan sangat antusias sekali masyarakat yang ingin bertemu dengan pak ganjar";0;0;0;0;in;1696728224972341248;1732266230952902704;gapunynama0;https://twitter.com/gapunynama0/status/1732543460597748129
Wed Dec 06 23:32:03 +0000 2023;1732543453492335065;"@Chaves1305 Tujuan menjadi capres dan cawapres apa? Melayani rakyat sebaik-baiknya, agar bangsa dan negara unggul dan sejahtera. Maka langkah yg sebaik-baiknya dilakukan adalah mendengarkan sebanyak-banyaknya keinginan rakyat yg paling tak pernah didengarkan. Dan itu dilakukan Ganjar-Mahfud";0;0;0;0;in;1643505218834006017;1732270860382446032;MikaelHaem;https://twitter.com/MikaelHaem/status/1732543453492335065
Wed Dec 06 23:32:01 +0000 2023;1732543445976367130;"@Melihat_Indo Semangat pak Ganjar kami akan selalu bersamamu sampai pak Ganjar menjadi  presiden .";0;0;0;0;in;1707597815898357760;1732316153006133376;QiyasWafi;https://twitter.com/QiyasWafi/status/1732543445976367130
Wed Dec 06 23:31:56 +0000 2023;1732543424316993751;"@Melihat_Indo Memang pak Ganjar sangat membanggakan dehğŸ˜ğŸ˜";0;0;0;0;in;1656265563507949568;1732316153006133376;raya86;https://twitter.com/raya86/status/1732543424316993751
Wed Dec 06 23:31:53 +0000 2023;1732543412245827950;"@ganjarpranowo cuma pak ganjar yang mengerti bgt rakyat gmna  aku pendukung setia pak ganjar";0;0;0;0;in;1689631794214432768;1732312270624207357;babybabyyy78;https://twitter.com/babybabyyy78/status/1732543412245827950
Wed Dec 06 23:31:50 +0000 2023;1732543402145927417;"@millyshafiq @ulinyusron @AishahGray Kalau awalnya sowan, ada pembicaraan sama partai pak Ganjar, dan pak Ganjar nya maka gak akan terjadi hal2 seperti itu.";0;0;0;0;in;750627104;1704820163315663321;Abowmanggala;https://twitter.com/Abowmanggala/status/1732543402145927417
Wed Dec 06 23:31:36 +0000 2023;1732543340414148984;"Belimbing  sayur asam sulfat Malu-maluin jd cawapres ilegal Abak garam kosntitusi Ga malu nyawapres  https://t.co/H2lg8aKl8B";0;3;5;12;in;1637841258231271424;1732543340414148984;Ganjar_Mahfud03;https://twitter.com/Ganjar_Mahfud03/status/1732543340414148984
Wed Dec 06 23:31:35 +0000 2023;1732543336886800872;"@Melihat_Indo Gelang manik yang diberikan ke pak ganjar merupakan simbol ikatan kekeluargaan. Jadi kayaknya ini artinya pak ganjar bener-bener diterima dengan tangan terbuka di sana.";0;0;0;0;in;1044149412660834304;1732316153006133376;ofcutiee;https://twitter.com/ofcutiee/status/1732543336886800872
Wed Dec 06 23:31:18 +0000 2023;1732543266556354766;"Jadilah seperti pohon yang tumbuh dan berbuah lebat. Dilempar dengan batu, tetapi membalasnya dengan buah.  &lt &gt   #Gaza_Genocide Andai UNHCR NPWP alam ganjar dimana netralitas aparat Gomez Szobo abuya muhtadi Onana Asam Sulfat blackpink";0;0;0;0;in;1502988019359436805;1732543266556354766;AngelAmelia881;https://twitter.com/AngelAmelia881/status/1732543266556354766
Wed Dec 06 23:31:07 +0000 2023;1732543221807436097;"Saya tahu tidak ada orang-orang hebat kecuali mereka yang memiliki pengabdian besar pada kemanusiaan.   &lt &gt   #Gaza_Genocide Andai UNHCR NPWP alam ganjar dimana netralitas aparat Gomez Szobo abuya muhtadi Onana Asam Sulfat blackpink";0;0;0;0;in;1502988019359436805;1732543221807436097;AngelAmelia881;https://twitter.com/AngelAmelia881/status/1732543221807436097
Wed Dec 06 23:30:50 +0000 2023;1732543150370050416;"Ganjar bakal lanjutkan program yang sudah baik di IKN â€“ Desember https://t.co/xtzxJEU3ZP";0;0;0;0;in;377844730;1732543150370050416;pemilunetwork;https://twitter.com/pemilunetwork/status/1732543150370050416
Wed Dec 06 23:30:38 +0000 2023;1732543098255966433;"@detikcom pasangan Ganjar Mahfud menunjukkan komitmen yg teguh terhadap prinsip prinsip konstitusi dalam perjalanan mereka menuju pemilihanğŸ”¥ Gaspol no 3ğŸ¤ŸğŸ»";0;0;0;0;in;1411719558432313347;1732218302590517508;kamilah82993627;https://twitter.com/kamilah82993627/status/1732543098255966433
Wed Dec 06 23:30:21 +0000 2023;1732543028978696385;"@Melihat_Indo Masyaalloh pak ganjar memang sangat pantas mendapatkan semua ini termasuk kehormatan dari suku adat Dayak .";0;0;0;0;in;1705394299310084096;1732316153006133376;AsumaTapa;https://twitter.com/AsumaTapa/status/1732543028978696385
Wed Dec 06 23:30:19 +0000 2023;1732543019633766740;"@ganjarpranowo pak ganjar pokoknnya yang terbaik hanya beliau yang selalu mendengarkan aspirasi rakyat";0;0;0;0;in;1697403770215571456;1732266230952902704;d2dewii;https://twitter.com/d2dewii/status/1732543019633766740
Wed Dec 06 23:30:08 +0000 2023;1732542972909289679;"@AndyHuskyyy Ganjar";0;0;0;0;in;1583094332784930817;1732358353744286136;mamosihh;https://twitter.com/mamosihh/status/1732542972909289679
Wed Dec 06 23:29:33 +0000 2023;1732542824531583066;"@Dennysiregar7 Ganjar Mahfud yg paling pas memimpin Indonesia";0;0;0;0;in;1596841441421975557;1732313040970994098;Mbakayuye;https://twitter.com/Mbakayuye/status/1732542824531583066
Wed Dec 06 23:29:21 +0000 2023;1732542774027956281;"Kinerja yang baik menciptakan hasil yang baik, bangga banget dengan pak ganjar ini";0;0;0;0;in;1688494462878859264;1732542774027956281;zimbowo6;https://twitter.com/zimbowo6/status/1732542774027956281
Wed Dec 06 23:29:13 +0000 2023;1732542742889468217;"@TatangSalman @psi_id Wadas Itu proyeknya pusat, ganjar yg beresin eKTP : Clear Bokep? : silahkan googling nama "Aryodj"";0;0;0;0;in;1134390623581007872;1732201202149101657;Sergio_Fitz;https://twitter.com/Sergio_Fitz/status/1732542742889468217
Wed Dec 06 23:29:12 +0000 2023;1732542739089428736;"@ganjarpranowo Bangga memiliki pemimpin seperti pak ganjar ini ramah sederhana dan merakyat";0;0;0;0;in;1698925458887426048;1732266230952902704;aulia97717;https://twitter.com/aulia97717/status/1732542739089428736
Wed Dec 06 23:29:09 +0000 2023;1732542724375716145;"@Melihat_Indo Terus dukung Ganjar Mahfud untuk Indonesia yang jauh lebih baik";0;0;0;0;in;1682787144228810753;1732316153006133376;RedaShirle94100;https://twitter.com/RedaShirle94100/status/1732542724375716145
Wed Dec 06 23:28:42 +0000 2023;1732542612840825201;"@alisyarief Sdh tahu, itu kata ganjar mahfud,";0;0;0;0;in;1614437518291927041;1732381885777715534;IKarnatha;https://twitter.com/IKarnatha/status/1732542612840825201
Wed Dec 06 23:28:37 +0000 2023;1732542593186267190;"@ganjarpranowo Antusias masyarakat sangat antusias untuk kehadiran Pak Ganjar karena sedikit mengobati harga pokok yang makin melonjak tinggi";0;0;0;0;in;1620520517194203136;1732312270624207357;cornelia_corn3;https://twitter.com/cornelia_corn3/status/1732542593186267190
Wed Dec 06 23:28:37 +0000 2023;1732542590527136141;"@Melihat_Indo Hanya Ganjar Mahfud yang mampu menjadi pemimpin selanjutnya";0;0;0;0;in;1682944997577072640;1732316153006133376;AndreaLata8984;https://twitter.com/AndreaLata8984/status/1732542590527136141
Wed Dec 06 23:28:15 +0000 2023;1732542499577802939;"@ganjarpranowo Luar biasa pak ganjar sosok calon pemimpin yang sangat dekat dengan masyarakat";0;0;0;0;in;1701402321144745984;1732266230952902704;pputriii098;https://twitter.com/pputriii098/status/1732542499577802939
Wed Dec 06 23:28:15 +0000 2023;1732542498495767016;"@Melihat_Indo Dengan tujuan untuk mendukung Ganjar Mahfud";0;0;0;0;in;1683397902356586497;1732316153006133376;BlondellSe17394;https://twitter.com/BlondellSe17394/status/1732542498495767016
Wed Dec 06 23:28:05 +0000 2023;1732542455755767880;"@Opiniku95098012 Januari.. Januari.. kan datang. . . ğŸ˜…ğŸ˜‚ . . . GANJAR MAHFUD M3NANG ğŸ¤ŸğŸ¤ŸğŸ¤Ÿ";0;0;1;1;in;735001647575760896;1732504255817503075;RifQibaeLha;https://twitter.com/RifQibaeLha/status/1732542455755767880
Wed Dec 06 23:28:03 +0000 2023;1732542450152227109;"@sigitwid soal beginian psi mmg ahlinya, bermain di ranah sosok personal dg argumentasi yg sempurna scr umum, cocok jadi partai asisten pribadi,kalian kecil karena mengecilkan diri,nilai yg kalian bawa apaan, gagasan  cuma seputar sosok personal, dulu ahok, lantas ganjar,kini jokowi famili";0;0;1;2;in;882984932431101953;1732389862500946414;Harry85469365;https://twitter.com/Harry85469365/status/1732542450152227109
Wed Dec 06 23:28:00 +0000 2023;1732542436675866876;"TimNas Anies-TPN Ganjar : Soal Debat Cawapres di Tiadakan, Sebut Menghina Gibran https://t.co/ms289GFVKp";0;2;6;12;in;1226436091617505281;1732542436675866876;keuangannews_id;https://twitter.com/keuangannews_id/status/1732542436675866876
Wed Dec 06 23:27:49 +0000 2023;1732542388579742192;"@Nikmatul_Sg Pak Ganjar pawangnya kota Yogyakarta";0;0;0;0;in;1610280466472652801;1732230362284311001;KaKa3En;https://twitter.com/KaKa3En/status/1732542388579742192
Wed Dec 06 23:27:23 +0000 2023;1732542281201356931;"@Melihat_Indo Bersama Ganjar Mahfud Indonesia menjadi lebih baik";0;0;0;0;in;1682827609229369344;1732316153006133376;LavondaLuc99364;https://twitter.com/LavondaLuc99364/status/1732542281201356931
Wed Dec 06 23:27:22 +0000 2023;1732542277288161755;"@ganjarpranowo Luar biasa banget antusias masyarakat menyambut kedatangan pak ganjar";0;0;0;0;in;1701415476994408448;1732266230952902704;ffitriyah12fit;https://twitter.com/ffitriyah12fit/status/1732542277288161755
Wed Dec 06 23:27:05 +0000 2023;1732542205699780899;"@Melihat_Indo Pak Ganjar begitu sangat di terima sekali dimanapun ia berada";0;0;0;0;in;1616767801699749890;1732316153006133376;KevinClarkwn;https://twitter.com/KevinClarkwn/status/1732542205699780899
Wed Dec 06 23:27:01 +0000 2023;1732542187093864763;"@Nikmatul_Sg Ngeri ya berani sekali menghina Yogyakarta tidak tau siapa bentengnya.. pak Ganjar nihh";0;0;0;0;in;1620261409006452741;1732230362284311001;SoleHaab;https://twitter.com/SoleHaab/status/1732542187093864763
Wed Dec 06 23:26:56 +0000 2023;1732542165644149116;"@Melihat_Indo syukurlah banyak yang mempercayakan pak ganjar untuk terus berjuang menjaga denokrasi dan membangun Indonesia lebih baik";0;0;0;0;in;1654522131760418817;1732316153006133376;ah_ucil;https://twitter.com/ah_ucil/status/1732542165644149116
Wed Dec 06 23:26:47 +0000 2023;1732542131007631786;"@ajengcute16__ Wajar...jd aneh klo mrk all out menangkan ganjar / anies";0;0;0;0;in;1506248147848556546;1732323879748800580;wahyu_bewe;https://twitter.com/wahyu_bewe/status/1732542131007631786
Wed Dec 06 23:26:48 +0000 2023;1732542132936933744;"Ya Udeh iye, loe pade Gak Usah Dukung Mana Pun, tapi Tar Kalo Ganjar Jadi, Loe Jangan Nangis2";0;0;2;4;in;1112249626726293504;1732542132936933744;NcangBeni;https://twitter.com/NcangBeni/status/1732542132936933744
Wed Dec 06 23:26:29 +0000 2023;1732542055472312719;"@Melihat_Indo Semoga terus mengalir dukungan untuk pak ganjar dan pak mahfud bismillah semoga menang";0;0;0;0;in;1703698319678267393;1732316153006133376;AidaLani43626;https://twitter.com/AidaLani43626/status/1732542055472312719
Wed Dec 06 23:26:13 +0000 2023;1732541986106900490;"Benar kah ini 3 prestasi ganjar  Bikin konten Ngadu ayam dan Nonton bokep";0;0;0;1;in;1210930281575632897;1732541986106900490;wellymerukh;https://twitter.com/wellymerukh/status/1732541986106900490
Wed Dec 06 23:26:18 +0000 2023;1732542007598559272;"@SINDOnews @ganjarpranowo Pak ganjar memang top";0;0;0;0;in;1701808509585928192;1732343625009467752;IndrawanHu75505;https://twitter.com/IndrawanHu75505/status/1732542007598559272
Wed Dec 06 23:26:23 +0000 2023;1732542027580219749;"Pak Ganjar adalah satu satunya capres yang sangat Layak MENDUDUKI jabatan se kaliber RI 1Â   Juru selamat NKRI 17 ribu pulau , 714 suku , 6 Agama , 270 jt RakyatÂ   Pak Mahfud adalah cawapres yangÂ  Layak MENDUDUKI jabatan se kaliber RI 2 Karena pernah Menko Polhukam dan Menhan";0;0;0;0;in;2549357702;1732542027580219749;sabar_setiabudi;https://twitter.com/sabar_setiabudi/status/1732542027580219749
Wed Dec 06 23:25:59 +0000 2023;1732541927168655647;"@Nikmatul_Sg Semangat pakkkk Ganjar engkau telah mendapatkan dukungan besar di Yogyakarta";0;0;0;0;in;1620261059004358656;1732230362284311001;AsyTu5;https://twitter.com/AsyTu5/status/1732541927168655647
Wed Dec 06 23:25:51 +0000 2023;1732541893295448316;"@Melihat_Indo Apresiasi sekali pasti nya untuk pak Ganjar,maju terus";0;0;0;0;in;1606533969507659777;1732316153006133376;meliagisela5;https://twitter.com/meliagisela5/status/1732541893295448316
Wed Dec 06 23:25:36 +0000 2023;1732541832943575405;"Kunker Jokowi Dituding Buntuti Kampanye Ganjar Pranowo, Pengamat: Strategi Bersih-bersih https://t.co/JVUNPbSKxn lewat @tribunnews   #GanjarPranowo #Jokowi #Pilpres2024";0;0;0;0;in;103551225;1732541832943575405;tribunkaltim;https://twitter.com/tribunkaltim/status/1732541832943575405
Wed Dec 06 23:25:26 +0000 2023;1732541788718846144;"@antaranews Ganjar terbaikkk";0;0;0;0;in;1711311654401773568;1732306128267296814;aderamusli81996;https://twitter.com/aderamusli81996/status/1732541788718846144
Wed Dec 06 23:25:18 +0000 2023;1732541756405907831;"@Dennysiregar7 Sebegitu banyak kaum generasi musam mendukung pak Ganjar";0;0;0;0;in;1605176835696099328;1732313040970994098;ClarkeGilang;https://twitter.com/ClarkeGilang/status/1732541756405907831
Wed Dec 06 23:24:55 +0000 2023;1732541661681738185;"@Nikmatul_Sg Cuma pak Ganjar yang di beri amanah itu untuk memimpin yang terpercaya orang Yogyakarta";0;0;0;0;in;1632336146289287170;1732230362284311001;WaTi2sg;https://twitter.com/WaTi2sg/status/1732541661681738185
Wed Dec 06 23:24:48 +0000 2023;1732541631973474749;"@Melihat_Indo Pak Ganjar memang sangat membutuhkan kagum banyak orang";0;0;0;0;in;1605176835696099328;1732316153006133376;ClarkeGilang;https://twitter.com/ClarkeGilang/status/1732541631973474749
Wed Dec 06 23:24:26 +0000 2023;1732541539707171194;"@ganjarpranowo Inilah pemimpin yang dibutuhkan Indonesia, pemimpin yang mampu memberi solusi bagi rakyatnya, saya yakin negara ini akan menjadi lebih baik dibawah kepemimpinannya, ya Dialah Ganjar Pranowo sang pemimpin harapan bangsa";0;0;0;0;in;1712123759635906560;1732312270624207357;awan_cerah01;https://twitter.com/awan_cerah01/status/1732541539707171194
Wed Dec 06 23:24:19 +0000 2023;1732541510208667676;"@Dennysiregar7 Mahasiswa Surabaya siap mendukung pak Ganjar Mahfud lho";0;0;0;0;in;1601408605059952640;1732313040970994098;Ranggap20458376;https://twitter.com/Ranggap20458376/status/1732541510208667676
Wed Dec 06 23:23:59 +0000 2023;1732541426112909683;"@ganjarpranowo Terhadap lonjakan harga sembako, Ganjar sebut program stabilisasi harga harus jadi prioritas";0;0;0;0;in;1705743746057568256;1732312270624207357;CatuRiski;https://twitter.com/CatuRiski/status/1732541426112909683
Wed Dec 06 23:23:57 +0000 2023;1732541418818949209;"Pak Ganjar adalah satu satunya capres yang sangat Layak MENDUDUKI jabatan se kaliber RI 1Â   Juru selamat NKRI 17 ribu pulau , 714 suku , 6 Agama , 270 jt RakyatÂ   Pak Mahfud adalah cawapres yangÂ  Layak MENDUDUKI jabatan se kaliber RI 2 Karena pernah Menko Polhukam dan Menhan";0;0;4;16;in;2549357702;1732541418818949209;sabar_setiabudi;https://twitter.com/sabar_setiabudi/status/1732541418818949209
Wed Dec 06 23:23:35 +0000 2023;1732541324082258119;"Calon Presiden nomor urut 3, Ganjar Pranowo akan menjalani masa kampanye hari ke-10 dengan mengunjungi Ibu Kota Negara (IKN) Nusantara di Kalimantan T... https://t.co/rkyPA2CXqt";0;0;0;0;in;46693036;1732541324082258119;inilahdotcom;https://twitter.com/inilahdotcom/status/1732541324082258119
Wed Dec 06 23:23:29 +0000 2023;1732541297419059550;"@Melihat_Indo Masyaallah, terimakasih Kaltim sudah menerima pak Ganjar dengan baik";0;0;0;0;in;1596841441421975557;1732316153006133376;Mbakayuye;https://twitter.com/Mbakayuye/status/1732541297419059550
Wed Dec 06 23:23:23 +0000 2023;1732541274656584185;"@StefanAntonio__ Butet jelas pdip kan? Pendukung ganjar?budayawan yang lain kan masih banyak mas..";0;0;0;0;in;1604752960848027648;1732245810048553427;alief2223;https://twitter.com/alief2223/status/1732541274656584185
Wed Dec 06 23:23:22 +0000 2023;1732541270218911941;"@alextham878 Ganjar bagus,...sayang dari PDIP males liat banteng";0;0;0;0;in;1709224829734596608;1732218526520447163;ErtunAku;https://twitter.com/ErtunAku/status/1732541270218911941
Wed Dec 06 23:23:21 +0000 2023;1732541265567441002;"@adeksetia184043 @mputaku188156 @ganjarpranowo Pak ganjar mahfud akan memberi solusi dari setiap permasalahan yang di hadapi masyarakat";0;0;0;0;in;1704601268407115776;1732312270624207357;ziabbur;https://twitter.com/ziabbur/status/1732541265567441002
Wed Dec 06 23:23:17 +0000 2023;1732541248521769433;"@Melihat_Indo Mantap full sepenuhnya percaya bahwa pak ganjar bisa menjadi pemimpin terbaik";0;0;0;0;in;1706235890165776384;1732316153006133376;azelacantika;https://twitter.com/azelacantika/status/1732541248521769433
Wed Dec 06 23:23:12 +0000 2023;1732541230024962242;"@lysavana1 @akbarfaizal68 @ganjarpranowo @mohmahfudmd GANJAR MAHFUD M3NANG BERMARTABAT BERSAMA RAKYAT ğŸ¤ŸğŸ¤ŸğŸ¤Ÿ";0;1;0;1;in;735001647575760896;1731850593193644096;RifQibaeLha;https://twitter.com/RifQibaeLha/status/1732541230024962242
Wed Dec 06 23:23:04 +0000 2023;1732541195539382513;"Pak Ganjar adalah satu satunya capres yang sangat Layak MENDUDUKI jabatan se kaliber RI 1Â   Juru selamat NKRI 17 ribu pulau , 714 suku , 6 Agama , 270 jt RakyatÂ   Pak Mahfud adalah cawapres yangÂ  Layak MENDUDUKI jabatan se kaliber RI 2 Karena pernah Menko Polhukam dan Menhan";0;0;0;3;in;2549357702;1732541195539382513;sabar_setiabudi;https://twitter.com/sabar_setiabudi/status/1732541195539382513
Wed Dec 06 23:22:57 +0000 2023;1732541163993981133;"@CamillaPutriix Ini knapa nama gw lu caplok ke twit lu.. Sejak kapan gw dukung Ganjar..  Gw simpatisan AMIN #AMINAjaDulu  #AMIN2024MENANGSATUPUTARAN";0;0;0;0;in;1603739452211269632;1732485171956642074;RioHerman327;https://twitter.com/RioHerman327/status/1732541163993981133
Wed Dec 06 23:22:46 +0000 2023;1732541119999987904;"Suntikan semangat untuk kita semua melawan perusak Demokrasi ğŸ¤Ÿ Hentikan politik dinasti dg mendukung dan memilih pemimpin yg berproses menjd anak kandung Demokrasi  Ganjar Mahfud M3nang total ğŸ¤Ÿ https://t.co/5Jg1Ylsn1q";0;1;23;45;in;91185042;1732541119999987904;siticeriaselalu;https://twitter.com/siticeriaselalu/status/1732541119999987904
Wed Dec 06 23:22:38 +0000 2023;1732541086797824253;"Calon Presiden RI Ganjar Pranowo berkomitmen mengurangi industri ekstraktif di Kalimantan Timur yang akan menjadi lokasi IKN Nusantara.  Hal itu disampaikan Beliau usai pertemuan dengan TPD, Caleg Koalisi, dan Relawan di Balikpapan, Kalimantan Timur. âœŠï¸ğŸ¤ŸğŸ‡²ğŸ‡¨ #SahabatGanjar https://t.co/9i1GMga4Ms";0;0;13;14;in;1307892095240212480;1732541086797824253;Nduklala2;https://twitter.com/Nduklala2/status/1732541086797824253
Wed Dec 06 23:22:30 +0000 2023;1732541051859304718;"@adeksetia184043 @mputaku188156 @ganjarpranowo Pak ganjar iki pas banget merakyat ibu ibu jadi seneng klo harga sembako stabil";0;0;0;0;in;1704600060200103936;1732312270624207357;refriff98344;https://twitter.com/refriff98344/status/1732541051859304718
Wed Dec 06 23:21:40 +0000 2023;1732540843662454897;"@Melihat_Indo percaya akan pak ganjar jika Indonesia di pimpin pak ganjar akan lebih baik lagi";0;0;0;0;in;1689631794214432768;1732316153006133376;babybabyyy78;https://twitter.com/babybabyyy78/status/1732540843662454897
Wed Dec 06 23:21:17 +0000 2023;1732540744597176761;"@mputaku188156 @ganjarpranowo Bismillah pasti pak ganjar jadi presiden dan mensejahterahkan rakyat nya ni";0;3;0;0;in;1704596492047032320;1732312270624207357;adeksetia184043;https://twitter.com/adeksetia184043/status/1732540744597176761
Wed Dec 06 23:21:07 +0000 2023;1732540704327688468;"Rakus kekuasaan Suami kampanye sendiri Istri kampanye sendiri Anak kampanye sendi Keluarga ganjar contoh keluarga yg rakus dan haus kekuasaan";1;0;0;0;in;1210930281575632897;1732540704327688468;wellymerukh;https://twitter.com/wellymerukh/status/1732540704327688468
Wed Dec 06 23:21:07 +0000 2023;1732540704298328556;"@antaranews Semangat buu mari kita dukung pak ganjar";0;0;0;0;in;1711359592419221504;1732306128267296814;Selvianisu22138;https://twitter.com/Selvianisu22138/status/1732540704298328556
Wed Dec 06 23:21:03 +0000 2023;1732540685365256571;"@Melihat_Indo Semakin yakin dan optimis Kalau Pak Ganjar adalah pemimpin yang terbaik untuk negeri ini";0;0;0;0;in;1598173174134636545;1732316153006133376;mepope5;https://twitter.com/mepope5/status/1732540685365256571
Wed Dec 06 23:20:55 +0000 2023;1732540654931390877;"@Melihat_Indo Semakin sejahtera selalu dengan Pak Ganjar, semangat menuju masa depan";0;0;0;0;in;1440649242217877509;1732316153006133376;FeByaa567;https://twitter.com/FeByaa567/status/1732540654931390877
Wed Dec 06 23:20:26 +0000 2023;1732540531203538999;"@Melihat_Indo udah paling pas dan paling pantas kok pak ganjar jadi pemimpin Indonesia selanjutnya";0;0;0;0;in;1689641955091951619;1732316153006133376;KanayaZii;https://twitter.com/KanayaZii/status/1732540531203538999
Wed Dec 06 23:20:22 +0000 2023;1732540515416199413;"@Melihat_Indo Antusiasnya begitu penuh makna untuk Pak Ganjar";0;0;0;0;in;1440651168909197323;1732316153006133376;Cicitya67;https://twitter.com/Cicitya67/status/1732540515416199413
Wed Dec 06 23:20:22 +0000 2023;1732540514661278165;"@Melihat_Indo bukti tulus klo masyarakat kalimat Timur benar-benar mendukung lancar karena visi misi Pak Ganjar yang nyata";0;0;0;0;in;1597035533607194625;1732316153006133376;Gildena4;https://twitter.com/Gildena4/status/1732540514661278165
Wed Dec 06 23:20:18 +0000 2023;1732540497959551107;"@Melihat_Indo mantap sih ini suatu kehormatan dan pantas didapatkan oleh pak ganjar";0;0;0;0;in;1698463737248722944;1732316153006133376;Azeyap17;https://twitter.com/Azeyap17/status/1732540497959551107
Wed Dec 06 23:20:04 +0000 2023;1732540438303936751;"@Melihat_Indo Orang baik pasti pilih orang baik, bersama pak Ganjar Indonesia akan lebih maju";0;0;0;0;in;1688493005534380032;1732316153006133376;Zakiomm1;https://twitter.com/Zakiomm1/status/1732540438303936751
Wed Dec 06 23:20:03 +0000 2023;1732540436580073896;"@Chaves1305 Pertanyaan yang TOLOL ini sih, karena klo dibalik tanya Berapa Triliun kah kerugian negara dan atau daerah yg timbul selama Anies &amp  Ganjar berkuasa.   Klo Prabowo @prabowo kan jelas telah merugikan negara senilai lebih kurang  6 Triliun !   https://t.co/qHKMO1sMsQ";0;0;0;0;in;1710210523709784064;1732270860382446032;ay_prakasa2225;https://twitter.com/ay_prakasa2225/status/1732540436580073896
Wed Dec 06 23:19:10 +0000 2023;1732540212147011983;"@Melihat_Indo pak ganjar terlalu merakyat dan humble pantas bgt di angkat warga kehormatan oleh suku dayak";0;0;0;0;in;1701868030022889472;1732316153006133376;bluechesee1212;https://twitter.com/bluechesee1212/status/1732540212147011983
Wed Dec 06 23:19:17 +0000 2023;1732540244376133661;"@sigitwid Haha ringan amat ngomongnya,  kmrn2 pas abis bilang ikut arahan ibu ketum,  klaim dukung ganjar,  dll lu ngapain?  Minimal lu ajar dulu gibran jgn jadi manusia munafik.  Ga ush sok2an ngomomg bijak lu https://t.co/MiNUvsMblT";0;0;0;0;in;1708348247536979968;1732389862500946414;Chameleon_x2;https://twitter.com/Chameleon_x2/status/1732540244376133661
Wed Dec 06 23:19:28 +0000 2023;1732540288663728540;"@GunRomli Pasti ngomongin Pendukung ganjar yg ngamuk2 terus itu ya? Ya kan? ğŸ¤£ğŸ¤£ğŸ¤£ğŸ¤£ğŸ¤£";0;0;0;0;in;1616202820956606464;1732394829299212679;PatrickLAngeles;https://twitter.com/PatrickLAngeles/status/1732540288663728540
Wed Dec 06 23:19:06 +0000 2023;1732540195025907961;"@ganjarpranowo Semangat selalu Pak Ganjar untuk Indonesia Sejahtera";0;0;0;0;in;1655153543287017472;1732312270624207357;zidna99_;https://twitter.com/zidna99_/status/1732540195025907961
Wed Dec 06 23:18:53 +0000 2023;1732540143062725120;"@Melihat_Indo MasyaAllah dukungan untuk Pak Ganjar sampai kebanggaan untuk beliau";0;0;0;0;in;1440653524094767106;1732316153006133376;Siyueee890;https://twitter.com/Siyueee890/status/1732540143062725120
Wed Dec 06 23:18:52 +0000 2023;1732540136439906666;"@ganjarpranowo Aminnnn pak, semoga pak Ganjar juga bisa menemukan solusi terbaik atas keluhan pedagang dan tukang ojek itu";0;0;0;0;in;1702139628311158784;1732266230952902704;rara_jen;https://twitter.com/rara_jen/status/1732540136439906666
Wed Dec 06 23:18:46 +0000 2023;1732540111324389423;"@SniperDroen_ bener banget bang ğŸ‘ hanya pasangan Ganjar-Mahfud yg bisa saling melengkapi";0;0;1;1;in;1587245965417009152;1732522538113318992;MarcosLynd;https://twitter.com/MarcosLynd/status/1732540111324389423
Wed Dec 06 23:18:46 +0000 2023;1732540110493958153;"@ediedot108 @widarto63285827 @xquitavee @are_inismyname @UstadMiftah @NyaiiBubu @cagubnyinyir2 @BANGSAygSUJUD @Uki23 @TeddGus @NusronWahid1 @andre_rosiade @KhoirilAnwar_ @genx36545403 @alextham878 Betul sekali ğŸ‡²ğŸ‡¨  Hanya menyampaikan realita isu agama tsb hanya di manfaatkan paslon lain. (Tidak menguntungkan ganjar bukan jg prabowo)  Isu gitu cenderung memecah persatuan   Selama anak suku bangsa nusantara indonesia saya dukung full ğŸ‡²ğŸ‡¨ Jaga persatuan NKRI";0;0;0;0;in;1664574526947213317;1732412301112902028;T007bond;https://twitter.com/T007bond/status/1732540110493958153
Wed Dec 06 23:18:28 +0000 2023;1732540037227757835;"Bu Siti Atikoh berkomitmen untuk meningkatkan penghasilan petani Indonesia ğŸ”¥ğŸ¤Ÿ  ___ Onana Liverpool UNHCR Maguire NPWP  #SahabatGanjar #GanjarPranowo #Ganjar #GenerasiGotongRoyong #GanjarPresiden #GanjarUntukSemua #GanjarMahfud2024 https://t.co/v8xL2veAhN";0;0;0;2;in;1675261090995765248;1732540037227757835;tinathin_1d;https://twitter.com/tinathin_1d/status/1732540037227757835
Wed Dec 06 23:18:27 +0000 2023;1732540030865097113;"Kalo dia yg maju ke putaran 2 alamat politik identitas lg. Caoe de. Ayo tim Ganjar semangat dong kejar. Maennya jgn nyerang rejim mulu. Suaranya malah ke Anies lu makin ketinggalan";0;0;1;0;in;86570123;1732540030865097113;IrfanSofani;https://twitter.com/IrfanSofani/status/1732540030865097113
Wed Dec 06 23:18:22 +0000 2023;1732540009822220679;"@rizieqdivist Hanya menyampaikan realita isu agama tsb hanya di manfaatkan paslon lain. (Tidak menguntungkan ganjar bukan jg prabowo)  Isu gitu cenderung memecah persatuan   Selama anak suku bangsa nusantara indonesia saya dukung full ğŸ‡²ğŸ‡¨ Jaga persatuan NKRI";0;1;0;0;in;1664574526947213317;1732352766461534546;T007bond;https://twitter.com/T007bond/status/1732540009822220679
Wed Dec 06 23:18:11 +0000 2023;1732539963949158484;"@Melihat_Indo masyarakat menjadi ragu nih untuk memilih pemimpin yg sering blunder, emang paling bener dukung Ganjar Mahfud";0;0;0;0;in;1688493005534380032;1732354736521871659;Zakiomm1;https://twitter.com/Zakiomm1/status/1732539963949158484
Wed Dec 06 23:18:08 +0000 2023;1732539951378772096;"@ganjarpranowo Mantap sekali pak Ganjar bisa meredakan para pedagang yang harga cabe sdg naik";0;0;0;0;in;1707038857366249472;1732266230952902704;DwiIsti347188;https://twitter.com/DwiIsti347188/status/1732539951378772096
Wed Dec 06 23:17:59 +0000 2023;1732539915710484692;"@ganjarpranowo Bismillah Ganjar Pranowo penerus perjuangan pak Jokowi.. yang baik dan amanah";0;0;0;0;in;1610279769173823489;1732266230952902704;DiDeksh;https://twitter.com/DiDeksh/status/1732539915710484692
Wed Dec 06 23:17:59 +0000 2023;1732539914158559485;"@LaingenLisa Ayo kalimantan timur menangkan pak ganjar mahfud ğŸ¤Ÿ";0;0;0;0;in;1682203783496101889;1732368085762572517;khoirunnisakzq;https://twitter.com/khoirunnisakzq/status/1732539914158559485
Wed Dec 06 23:17:56 +0000 2023;1732539900690649494;"@adeksetia184043 @mputaku188156 @ganjarpranowo Semangat selalu ngeh pak ganjar memang yang terbaik untuk masa depan";0;0;0;0;in;1704601268407115776;1732266230952902704;ziabbur;https://twitter.com/ziabbur/status/1732539900690649494
